U+1F380	🎀	\xf0\x9f\x8e\x80	RIBBON
U+1F381	🎁	\xf0\x9f\x8e\x81	WRAPPED PRESENT
U+1F382	🎂	\xf0\x9f\x8e\x82	BIRTHDAY CAKE
U+1F383	🎃	\xf0\x9f\x8e\x83	JACK-O-LANTERN
U+1F384	🎄	\xf0\x9f\x8e\x84	CHRISTMAS TREE
U+1F385	🎅	\xf0\x9f\x8e\x85	FATHER CHRISTMAS
U+1F386	🎆	\xf0\x9f\x8e\x86	FIREWORKS
U+1F387	🎇	\xf0\x9f\x8e\x87	FIREWORK SPARKLER
U+1F388	🎈	\xf0\x9f\x8e\x88	BALLOON
U+1F389	🎉	\xf0\x9f\x8e\x89	PARTY POPPER
U+1F38A	🎊	\xf0\x9f\x8e\x8a	CONFETTI BALL
U+1F38B	🎋	\xf0\x9f\x8e\x8b	TANABATA TREE
U+1F38C	🎌	\xf0\x9f\x8e\x8c	CROSSED FLAGS
U+1F38D	🎍	\xf0\x9f\x8e\x8d	PINE DECORATION
U+1F38E	🎎	\xf0\x9f\x8e\x8e	JAPANESE DOLLS
U+1F38F	🎏	\xf0\x9f\x8e\x8f	CARP STREAMER
U+1F390	🎐	\xf0\x9f\x8e\x90	WIND CHIME
U+1F391	🎑	\xf0\x9f\x8e\x91	MOON VIEWING CEREMONY
U+1F392	🎒	\xf0\x9f\x8e\x92	SCHOOL SATCHEL
U+1F393	🎓	\xf0\x9f\x8e\x93	GRADUATION CAP
U+1F394	🎔	\xf0\x9f\x8e\x94	HEART WITH TIP ON THE LEFT
U+1F395	🎕	\xf0\x9f\x8e\x95	BOUQUET OF FLOWERS
U+1F396	🎖	\xf0\x9f\x8e\x96	MILITARY MEDAL
U+1F397	🎗	\xf0\x9f\x8e\x97	REMINDER RIBBON
U+1F398	🎘	\xf0\x9f\x8e\x98	MUSICAL KEYBOARD WITH JACKS
U+1F399	🎙	\xf0\x9f\x8e\x99	STUDIO MICROPHONE
U+1F39A	🎚	\xf0\x9f\x8e\x9a	LEVEL SLIDER
U+1F39B	🎛	\xf0\x9f\x8e\x9b	CONTROL KNOBS
U+1F39C	🎜	\xf0\x9f\x8e\x9c	BEAMED ASCENDING MUSICAL NOTES
U+1F39D	🎝	\xf0\x9f\x8e\x9d	BEAMED DESCENDING MUSICAL NOTES
U+1F39E	🎞	\xf0\x9f\x8e\x9e	FILM FRAMES
U+1F39F	🎟	\xf0\x9f\x8e\x9f	ADMISSION TICKETS
U+1F3A0	🎠	\xf0\x9f\x8e\xa0	CAROUSEL HORSE
U+1F3A1	🎡	\xf0\x9f\x8e\xa1	FERRIS WHEEL
U+1F3A2	🎢	\xf0\x9f\x8e\xa2	ROLLER COASTER
U+1F3A3	🎣	\xf0\x9f\x8e\xa3	FISHING POLE AND FISH
U+1F3A4	🎤	\xf0\x9f\x8e\xa4	MICROPHONE
U+1F3A5	🎥	\xf0\x9f\x8e\xa5	MOVIE CAMERA
U+1F3A6	🎦	\xf0\x9f\x8e\xa6	CINEMA
U+1F3A7	🎧	\xf0\x9f\x8e\xa7	HEADPHONE
U+1F3A8	🎨	\xf0\x9f\x8e\xa8	ARTIST PALETTE
U+1F3A9	🎩	\xf0\x9f\x8e\xa9	TOP HAT
U+1F3AA	🎪	\xf0\x9f\x8e\xaa	CIRCUS TENT
U+1F3AB	🎫	\xf0\x9f\x8e\xab	TICKET
U+1F3AC	🎬	\xf0\x9f\x8e\xac	CLAPPER BOARD
U+1F3AD	🎭	\xf0\x9f\x8e\xad	PERFORMING ARTS
U+1F3AE	🎮	\xf0\x9f\x8e\xae	VIDEO GAME
U+1F3AF	🎯	\xf0\x9f\x8e\xaf	DIRECT HIT
U+1F3B0	🎰	\xf0\x9f\x8e\xb0	SLOT MACHINE
U+1F3B1	🎱	\xf0\x9f\x8e\xb1	BILLIARDS
U+1F3B2	🎲	\xf0\x9f\x8e\xb2	GAME DIE
U+1F3B3	🎳	\xf0\x9f\x8e\xb3	BOWLING
U+1F3B4	🎴	\xf0\x9f\x8e\xb4	FLOWER PLAYING CARDS
U+1F3B5	🎵	\xf0\x9f\x8e\xb5	MUSICAL NOTE
U+1F3B6	🎶	\xf0\x9f\x8e\xb6	MULTIPLE MUSICAL NOTES
U+1F3B7	🎷	\xf0\x9f\x8e\xb7	SAXOPHONE
U+1F3B8	🎸	\xf0\x9f\x8e\xb8	GUITAR
U+1F3B9	🎹	\xf0\x9f\x8e\xb9	MUSICAL KEYBOARD
U+1F3BA	🎺	\xf0\x9f\x8e\xba	TRUMPET
U+1F3BB	🎻	\xf0\x9f\x8e\xbb	VIOLIN
U+1F3BC	🎼	\xf0\x9f\x8e\xbc	MUSICAL SCORE
U+1F3BD	🎽	\xf0\x9f\x8e\xbd	RUNNING SHIRT WITH SASH
U+1F3BE	🎾	\xf0\x9f\x8e\xbe	TENNIS RACQUET AND BALL
U+1F3BF	🎿	\xf0\x9f\x8e\xbf	SKI AND SKI BOOT
U+1F3C0	🏀	\xf0\x9f\x8f\x80	BASKETBALL AND HOOP
U+1F3C1	🏁	\xf0\x9f\x8f\x81	CHEQUERED FLAG
U+1F3C2	🏂	\xf0\x9f\x8f\x82	SNOWBOARDER
U+1F3C3	🏃	\xf0\x9f\x8f\x83	RUNNER
U+1F3C4	🏄	\xf0\x9f\x8f\x84	SURFER
U+1F3C5	🏅	\xf0\x9f\x8f\x85	SPORTS MEDAL
U+1F3C6	🏆	\xf0\x9f\x8f\x86	TROPHY
U+1F3C7	🏇	\xf0\x9f\x8f\x87	HORSE RACING
U+1F3C8	🏈	\xf0\x9f\x8f\x88	AMERICAN FOOTBALL
U+1F3C9	🏉	\xf0\x9f\x8f\x89	RUGBY FOOTBALL
U+1F3CA	🏊	\xf0\x9f\x8f\x8a	SWIMMER
U+1F3CB	🏋	\xf0\x9f\x8f\x8b	WEIGHT LIFTER
U+1F3CC	🏌	\xf0\x9f\x8f\x8c	GOLFER
U+1F3CD	🏍	\xf0\x9f\x8f\x8d	RACING MOTORCYCLE
U+1F3CE	🏎	\xf0\x9f\x8f\x8e	RACING CAR
U+1F3CF	🏏	\xf0\x9f\x8f\x8f	CRICKET BAT AND BALL
U+1F3D0	🏐	\xf0\x9f\x8f\x90	VOLLEYBALL
U+1F3D1	🏑	\xf0\x9f\x8f\x91	FIELD HOCKEY STICK AND BALL
U+1F3D2	🏒	\xf0\x9f\x8f\x92	ICE HOCKEY STICK AND PUCK
U+1F3D3	🏓	\xf0\x9f\x8f\x93	TABLE TENNIS PADDLE AND BALL
U+1F3D4	🏔	\xf0\x9f\x8f\x94	SNOW CAPPED MOUNTAIN
U+1F3D5	🏕	\xf0\x9f\x8f\x95	CAMPING
U+1F3D6	🏖	\xf0\x9f\x8f\x96	BEACH WITH UMBRELLA
U+1F3D7	🏗	\xf0\x9f\x8f\x97	BUILDING CONSTRUCTION
U+1F3D8	🏘	\xf0\x9f\x8f\x98	HOUSE BUILDINGS
U+1F3D9	🏙	\xf0\x9f\x8f\x99	CITYSCAPE
U+1F3DA	🏚	\xf0\x9f\x8f\x9a	DERELICT HOUSE BUILDING
U+1F3DB	🏛	\xf0\x9f\x8f\x9b	CLASSICAL BUILDING
U+1F3DC	🏜	\xf0\x9f\x8f\x9c	DESERT
U+1F3DD	🏝	\xf0\x9f\x8f\x9d	DESERT ISLAND
U+1F3DE	🏞	\xf0\x9f\x8f\x9e	NATIONAL PARK
U+1F3DF	🏟	\xf0\x9f\x8f\x9f	STADIUM
U+1F3E0	🏠	\xf0\x9f\x8f\xa0	HOUSE BUILDING
U+1F3E1	🏡	\xf0\x9f\x8f\xa1	HOUSE WITH GARDEN
U+1F3E2	🏢	\xf0\x9f\x8f\xa2	OFFICE BUILDING
U+1F3E3	🏣	\xf0\x9f\x8f\xa3	JAPANESE POST OFFICE
U+1F3E4	🏤	\xf0\x9f\x8f\xa4	EUROPEAN POST OFFICE
U+1F3E5	🏥	\xf0\x9f\x8f\xa5	HOSPITAL
U+1F3E6	🏦	\xf0\x9f\x8f\xa6	BANK
U+1F3E7	🏧	\xf0\x9f\x8f\xa7	AUTOMATED TELLER MACHINE
U+1F3E8	🏨	\xf0\x9f\x8f\xa8	HOTEL
U+1F3E9	🏩	\xf0\x9f\x8f\xa9	LOVE HOTEL
U+1F3EA	🏪	\xf0\x9f\x8f\xaa	CONVENIENCE STORE
U+1F3EB	🏫	\xf0\x9f\x8f\xab	SCHOOL
U+1F3EC	🏬	\xf0\x9f\x8f\xac	DEPARTMENT STORE
U+1F3ED	🏭	\xf0\x9f\x8f\xad	FACTORY
U+1F3EE	🏮	\xf0\x9f\x8f\xae	IZAKAYA LANTERN
U+1F3EF	🏯	\xf0\x9f\x8f\xaf	JAPANESE CASTLE
U+1F3F0	🏰	\xf0\x9f\x8f\xb0	EUROPEAN CASTLE
U+1F3F1	🏱	\xf0\x9f\x8f\xb1	WHITE PENNANT
U+1F3F2	🏲	\xf0\x9f\x8f\xb2	BLACK PENNANT
U+1F3F3	🏳	\xf0\x9f\x8f\xb3	WAVING WHITE FLAG
U+1F3F4	🏴	\xf0\x9f\x8f\xb4	WAVING BLACK FLAG
U+1F3F5	🏵	\xf0\x9f\x8f\xb5	ROSETTE
U+1F3F6	🏶	\xf0\x9f\x8f\xb6	BLACK ROSETTE
U+1F3F7	🏷	\xf0\x9f\x8f\xb7	LABEL
U+1F3F8	🏸	\xf0\x9f\x8f\xb8	BADMINTON RACQUET AND SHUTTLECOCK
U+1F3F9	🏹	\xf0\x9f\x8f\xb9	BOW AND ARROW
U+1F3FA	🏺	\xf0\x9f\x8f\xba	AMPHORA
U+1F3FB	🏻	\xf0\x9f\x8f\xbb	EMOJI MODIFIER FITZPATRICK TYPE-1-2
U+1F3FC	🏼	\xf0\x9f\x8f\xbc	EMOJI MODIFIER FITZPATRICK TYPE-3
U+1F3FD	🏽	\xf0\x9f\x8f\xbd	EMOJI MODIFIER FITZPATRICK TYPE-4
U+1F3FE	🏾	\xf0\x9f\x8f\xbe	EMOJI MODIFIER FITZPATRICK TYPE-5
U+1F3FF	🏿	\xf0\x9f\x8f\xbf	EMOJI MODIFIER FITZPATRICK TYPE-6
U+1F400	🐀	\xf0\x9f\x90\x80	RAT
U+1F401	🐁	\xf0\x9f\x90\x81	MOUSE
U+1F402	🐂	\xf0\x9f\x90\x82	OX
U+1F403	🐃	\xf0\x9f\x90\x83	WATER BUFFALO
U+1F404	🐄	\xf0\x9f\x90\x84	COW
U+1F405	🐅	\xf0\x9f\x90\x85	TIGER
U+1F406	🐆	\xf0\x9f\x90\x86	LEOPARD
U+1F407	🐇	\xf0\x9f\x90\x87	RABBIT
U+1F408	🐈	\xf0\x9f\x90\x88	CAT
U+1F409	🐉	\xf0\x9f\x90\x89	DRAGON
U+1F40A	🐊	\xf0\x9f\x90\x8a	CROCODILE
U+1F40B	🐋	\xf0\x9f\x90\x8b	WHALE
U+1F40C	🐌	\xf0\x9f\x90\x8c	SNAIL
U+1F40D	🐍	\xf0\x9f\x90\x8d	SNAKE
U+1F40E	🐎	\xf0\x9f\x90\x8e	HORSE
U+1F40F	🐏	\xf0\x9f\x90\x8f	RAM
U+1F410	🐐	\xf0\x9f\x90\x90	GOAT
U+1F411	🐑	\xf0\x9f\x90\x91	SHEEP
U+1F412	🐒	\xf0\x9f\x90\x92	MONKEY
U+1F413	🐓	\xf0\x9f\x90\x93	ROOSTER
U+1F414	🐔	\xf0\x9f\x90\x94	CHICKEN
U+1F415	🐕	\xf0\x9f\x90\x95	DOG
U+1F416	🐖	\xf0\x9f\x90\x96	PIG
U+1F417	🐗	\xf0\x9f\x90\x97	BOAR
U+1F418	🐘	\xf0\x9f\x90\x98	ELEPHANT
U+1F419	🐙	\xf0\x9f\x90\x99	OCTOPUS
U+1F41A	🐚	\xf0\x9f\x90\x9a	SPIRAL SHELL
U+1F41B	🐛	\xf0\x9f\x90\x9b	BUG
U+1F41C	🐜	\xf0\x9f\x90\x9c	ANT
U+1F41D	🐝	\xf0\x9f\x90\x9d	HONEYBEE
U+1F41E	🐞	\xf0\x9f\x90\x9e	LADY BEETLE
U+1F41F	🐟	\xf0\x9f\x90\x9f	FISH
U+1F420	🐠	\xf0\x9f\x90\xa0	TROPICAL FISH
U+1F421	🐡	\xf0\x9f\x90\xa1	BLOWFISH
U+1F422	🐢	\xf0\x9f\x90\xa2	TURTLE
U+1F423	🐣	\xf0\x9f\x90\xa3	HATCHING CHICK
U+1F424	🐤	\xf0\x9f\x90\xa4	BABY CHICK
U+1F425	🐥	\xf0\x9f\x90\xa5	FRONT-FACING BABY CHICK
U+1F426	🐦	\xf0\x9f\x90\xa6	BIRD
U+1F427	🐧	\xf0\x9f\x90\xa7	PENGUIN
U+1F428	🐨	\xf0\x9f\x90\xa8	KOALA
U+1F429	🐩	\xf0\x9f\x90\xa9	POODLE
U+1F42A	🐪	\xf0\x9f\x90\xaa	DROMEDARY CAMEL
U+1F42B	🐫	\xf0\x9f\x90\xab	BACTRIAN CAMEL
U+1F42C	🐬	\xf0\x9f\x90\xac	DOLPHIN
U+1F42D	🐭	\xf0\x9f\x90\xad	MOUSE FACE
U+1F42E	🐮	\xf0\x9f\x90\xae	COW FACE
U+1F42F	🐯	\xf0\x9f\x90\xaf	TIGER FACE
U+1F430	🐰	\xf0\x9f\x90\xb0	RABBIT FACE
U+1F431	🐱	\xf0\x9f\x90\xb1	CAT FACE
U+1F432	🐲	\xf0\x9f\x90\xb2	DRAGON FACE
U+1F433	🐳	\xf0\x9f\x90\xb3	SPOUTING WHALE
U+1F434	🐴	\xf0\x9f\x90\xb4	HORSE FACE
U+1F435	🐵	\xf0\x9f\x90\xb5	MONKEY FACE
U+1F436	🐶	\xf0\x9f\x90\xb6	DOG FACE
U+1F437	🐷	\xf0\x9f\x90\xb7	PIG FACE
U+1F438	🐸	\xf0\x9f\x90\xb8	FROG FACE
U+1F439	🐹	\xf0\x9f\x90\xb9	HAMSTER FACE
U+1F43A	🐺	\xf0\x9f\x90\xba	WOLF FACE
U+1F43B	🐻	\xf0\x9f\x90\xbb	BEAR FACE
U+1F43C	🐼	\xf0\x9f\x90\xbc	PANDA FACE
U+1F43D	🐽	\xf0\x9f\x90\xbd	PIG NOSE
U+1F43E	🐾	\xf0\x9f\x90\xbe	PAW PRINTS
U+1F43F	🐿	\xf0\x9f\x90\xbf	CHIPMUNK
U+1F440	👀	\xf0\x9f\x91\x80	EYES
U+1F441	👁	\xf0\x9f\x91\x81	EYE
U+1F442	👂	\xf0\x9f\x91\x82	EAR
U+1F443	👃	\xf0\x9f\x91\x83	NOSE
U+1F444	👄	\xf0\x9f\x91\x84	MOUTH
U+1F445	👅	\xf0\x9f\x91\x85	TONGUE
U+1F446	👆	\xf0\x9f\x91\x86	WHITE UP POINTING BACKHAND INDEX
U+1F447	👇	\xf0\x9f\x91\x87	WHITE DOWN POINTING BACKHAND INDEX
U+1F448	👈	\xf0\x9f\x91\x88	WHITE LEFT POINTING BACKHAND INDEX
U+1F449	👉	\xf0\x9f\x91\x89	WHITE RIGHT POINTING BACKHAND INDEX
U+1F44A	👊	\xf0\x9f\x91\x8a	FISTED HAND SIGN
U+1F44B	👋	\xf0\x9f\x91\x8b	WAVING HAND SIGN
U+1F44C	👌	\xf0\x9f\x91\x8c	OK HAND SIGN
U+1F44D	👍	\xf0\x9f\x91\x8d	THUMBS UP SIGN
U+1F44E	👎	\xf0\x9f\x91\x8e	THUMBS DOWN SIGN
U+1F44F	👏	\xf0\x9f\x91\x8f	CLAPPING HANDS SIGN
U+1F450	👐	\xf0\x9f\x91\x90	OPEN HANDS SIGN
U+1F451	👑	\xf0\x9f\x91\x91	CROWN
U+1F452	👒	\xf0\x9f\x91\x92	WOMANS HAT
U+1F453	👓	\xf0\x9f\x91\x93	EYEGLASSES
U+1F454	👔	\xf0\x9f\x91\x94	NECKTIE
U+1F455	👕	\xf0\x9f\x91\x95	T-SHIRT
U+1F456	👖	\xf0\x9f\x91\x96	JEANS
U+1F457	👗	\xf0\x9f\x91\x97	DRESS
U+1F458	👘	\xf0\x9f\x91\x98	KIMONO
U+1F459	👙	\xf0\x9f\x91\x99	BIKINI
U+1F45A	👚	\xf0\x9f\x91\x9a	WOMANS CLOTHES
U+1F45B	👛	\xf0\x9f\x91\x9b	PURSE
U+1F45C	👜	\xf0\x9f\x91\x9c	HANDBAG
U+1F45D	👝	\xf0\x9f\x91\x9d	POUCH
U+1F45E	👞	\xf0\x9f\x91\x9e	MANS SHOE
U+1F45F	👟	\xf0\x9f\x91\x9f	ATHLETIC SHOE
U+1F460	👠	\xf0\x9f\x91\xa0	HIGH-HEELED SHOE
U+1F461	👡	\xf0\x9f\x91\xa1	WOMANS SANDAL
U+1F462	👢	\xf0\x9f\x91\xa2	WOMANS BOOTS
U+1F463	👣	\xf0\x9f\x91\xa3	FOOTPRINTS
U+1F464	👤	\xf0\x9f\x91\xa4	BUST IN SILHOUETTE
U+1F465	👥	\xf0\x9f\x91\xa5	BUSTS IN SILHOUETTE
U+1F466	👦	\xf0\x9f\x91\xa6	BOY
U+1F467	👧	\xf0\x9f\x91\xa7	GIRL
U+1F468	👨	\xf0\x9f\x91\xa8	MAN
U+1F469	👩	\xf0\x9f\x91\xa9	WOMAN
U+1F46A	👪	\xf0\x9f\x91\xaa	FAMILY
U+1F46B	👫	\xf0\x9f\x91\xab	MAN AND WOMAN HOLDING HANDS
U+1F46C	👬	\xf0\x9f\x91\xac	TWO MEN HOLDING HANDS
U+1F46D	👭	\xf0\x9f\x91\xad	TWO WOMEN HOLDING HANDS
U+1F46E	👮	\xf0\x9f\x91\xae	POLICE OFFICER
U+1F46F	👯	\xf0\x9f\x91\xaf	WOMAN WITH BUNNY EARS
U+1F470	👰	\xf0\x9f\x91\xb0	BRIDE WITH VEIL
U+1F471	👱	\xf0\x9f\x91\xb1	PERSON WITH BLOND HAIR
U+1F472	👲	\xf0\x9f\x91\xb2	MAN WITH GUA PI MAO
U+1F473	👳	\xf0\x9f\x91\xb3	MAN WITH TURBAN
U+1F474	👴	\xf0\x9f\x91\xb4	OLDER MAN
U+1F475	👵	\xf0\x9f\x91\xb5	OLDER WOMAN
U+1F476	👶	\xf0\x9f\x91\xb6	BABY
U+1F477	👷	\xf0\x9f\x91\xb7	CONSTRUCTION WORKER
U+1F478	👸	\xf0\x9f\x91\xb8	PRINCESS
U+1F479	👹	\xf0\x9f\x91\xb9	JAPANESE OGRE
U+1F47A	👺	\xf0\x9f\x91\xba	JAPANESE GOBLIN
U+1F47B	👻	\xf0\x9f\x91\xbb	GHOST
U+1F47C	👼	\xf0\x9f\x91\xbc	BABY ANGEL
U+1F47D	👽	\xf0\x9f\x91\xbd	EXTRATERRESTRIAL ALIEN
U+1F47E	👾	\xf0\x9f\x91\xbe	ALIEN MONSTER
U+1F47F	👿	\xf0\x9f\x91\xbf	IMP
U+1F600	😀	\xf0\x9f\x98\x80	GRINNING FACE
U+1F601	😁	\xf0\x9f\x98\x81	GRINNING FACE WITH SMILING EYES
U+1F602	😂	\xf0\x9f\x98\x82	FACE WITH TEARS OF JOY
U+1F603	😃	\xf0\x9f\x98\x83	SMILING FACE WITH OPEN MOUTH
U+1F604	😄	\xf0\x9f\x98\x84	SMILING FACE WITH OPEN MOUTH AND SMILING EYES
U+1F605	😅	\xf0\x9f\x98\x85	SMILING FACE WITH OPEN MOUTH AND COLD SWEAT
U+1F606	😆	\xf0\x9f\x98\x86	SMILING FACE WITH OPEN MOUTH AND TIGHTLY-CLOSED EYES
U+1F607	😇	\xf0\x9f\x98\x87	SMILING FACE WITH HALO
U+1F608	😈	\xf0\x9f\x98\x88	SMILING FACE WITH HORNS
U+1F609	😉	\xf0\x9f\x98\x89	WINKING FACE
U+1F60A	😊	\xf0\x9f\x98\x8a	SMILING FACE WITH SMILING EYES
U+1F60B	😋	\xf0\x9f\x98\x8b	FACE SAVOURING DELICIOUS FOOD
U+1F60C	😌	\xf0\x9f\x98\x8c	RELIEVED FACE
U+1F60D	😍	\xf0\x9f\x98\x8d	SMILING FACE WITH HEART-SHAPED EYES
U+1F60E	😎	\xf0\x9f\x98\x8e	SMILING FACE WITH SUNGLASSES
U+1F60F	😏	\xf0\x9f\x98\x8f	SMIRKING FACE
U+1F610	😐	\xf0\x9f\x98\x90	NEUTRAL FACE
U+1F611	😑	\xf0\x9f\x98\x91	EXPRESSIONLESS FACE
U+1F612	😒	\xf0\x9f\x98\x92	UNAMUSED FACE
U+1F613	😓	\xf0\x9f\x98\x93	FACE WITH COLD SWEAT
U+1F614	😔	\xf0\x9f\x98\x94	PENSIVE FACE
U+1F615	😕	\xf0\x9f\x98\x95	CONFUSED FACE
U+1F616	😖	\xf0\x9f\x98\x96	CONFOUNDED FACE
U+1F617	😗	\xf0\x9f\x98\x97	KISSING FACE
U+1F618	😘	\xf0\x9f\x98\x98	FACE THROWING A KISS
U+1F619	😙	\xf0\x9f\x98\x99	KISSING FACE WITH SMILING EYES
U+1F61A	😚	\xf0\x9f\x98\x9a	KISSING FACE WITH CLOSED EYES
U+1F61B	😛	\xf0\x9f\x98\x9b	FACE WITH STUCK-OUT TONGUE
U+1F61C	😜	\xf0\x9f\x98\x9c	FACE WITH STUCK-OUT TONGUE AND WINKING EYE
U+1F61D	😝	\xf0\x9f\x98\x9d	FACE WITH STUCK-OUT TONGUE AND TIGHTLY-CLOSED EYES
U+1F61E	😞	\xf0\x9f\x98\x9e	DISAPPOINTED FACE
U+1F61F	😟	\xf0\x9f\x98\x9f	WORRIED FACE
U+1F620	😠	\xf0\x9f\x98\xa0	ANGRY FACE
U+1F621	😡	\xf0\x9f\x98\xa1	POUTING FACE
U+1F622	😢	\xf0\x9f\x98\xa2	CRYING FACE
U+1F623	😣	\xf0\x9f\x98\xa3	PERSEVERING FACE
U+1F624	😤	\xf0\x9f\x98\xa4	FACE WITH LOOK OF TRIUMPH
U+1F625	😥	\xf0\x9f\x98\xa5	DISAPPOINTED BUT RELIEVED FACE
U+1F626	😦	\xf0\x9f\x98\xa6	FROWNING FACE WITH OPEN MOUTH
U+1F627	😧	\xf0\x9f\x98\xa7	ANGUISHED FACE
U+1F628	😨	\xf0\x9f\x98\xa8	FEARFUL FACE
U+1F629	😩	\xf0\x9f\x98\xa9	WEARY FACE
U+1F62A	😪	\xf0\x9f\x98\xaa	SLEEPY FACE
U+1F62B	😫	\xf0\x9f\x98\xab	TIRED FACE
U+1F62C	😬	\xf0\x9f\x98\xac	GRIMACING FACE
U+1F62D	😭	\xf0\x9f\x98\xad	LOUDLY CRYING FACE
U+1F62E	😮	\xf0\x9f\x98\xae	FACE WITH OPEN MOUTH
U+1F62F	😯	\xf0\x9f\x98\xaf	HUSHED FACE
U+1F630	😰	\xf0\x9f\x98\xb0	FACE WITH OPEN MOUTH AND COLD SWEAT
U+1F631	😱	\xf0\x9f\x98\xb1	FACE SCREAMING IN FEAR
U+1F632	😲	\xf0\x9f\x98\xb2	ASTONISHED FACE
U+1F633	😳	\xf0\x9f\x98\xb3	FLUSHED FACE
U+1F634	😴	\xf0\x9f\x98\xb4	SLEEPING FACE
U+1F635	😵	\xf0\x9f\x98\xb5	DIZZY FACE
U+1F636	😶	\xf0\x9f\x98\xb6	FACE WITHOUT MOUTH
U+1F637	😷	\xf0\x9f\x98\xb7	FACE WITH MEDICAL MASK
U+1F638	😸	\xf0\x9f\x98\xb8	GRINNING CAT FACE WITH SMILING EYES
U+1F639	😹	\xf0\x9f\x98\xb9	CAT FACE WITH TEARS OF JOY
U+1F63A	😺	\xf0\x9f\x98\xba	SMILING CAT FACE WITH OPEN MOUTH
U+1F63B	😻	\xf0\x9f\x98\xbb	SMILING CAT FACE WITH HEART-SHAPED EYES
U+1F63C	😼	\xf0\x9f\x98\xbc	CAT FACE WITH WRY SMILE
U+1F63D	😽	\xf0\x9f\x98\xbd	KISSING CAT FACE WITH CLOSED EYES
U+1F63E	😾	\xf0\x9f\x98\xbe	POUTING CAT FACE
U+1F63F	😿	\xf0\x9f\x98\xbf	CRYING CAT FACE
U+1F640	🙀	\xf0\x9f\x99\x80	WEARY CAT FACE
U+1F641	🙁	\xf0\x9f\x99\x81	SLIGHTLY FROWNING FACE
U+1F642	🙂	\xf0\x9f\x99\x82	SLIGHTLY SMILING FACE
U+1F643	🙃	\xf0\x9f\x99\x83	UPSIDE-DOWN FACE
U+1F644	🙄	\xf0\x9f\x99\x84	FACE WITH ROLLING EYES
U+1F645	🙅	\xf0\x9f\x99\x85	FACE WITH NO GOOD GESTURE
U+1F646	🙆	\xf0\x9f\x99\x86	FACE WITH OK GESTURE
U+1F647	🙇	\xf0\x9f\x99\x87	PERSON BOWING DEEPLY
U+1F648	🙈	\xf0\x9f\x99\x88	SEE-NO-EVIL MONKEY
U+1F649	🙉	\xf0\x9f\x99\x89	HEAR-NO-EVIL MONKEY
U+1F64A	🙊	\xf0\x9f\x99\x8a	SPEAK-NO-EVIL MONKEY
U+1F64B	🙋	\xf0\x9f\x99\x8b	HAPPY PERSON RAISING ONE HAND
U+1F64C	🙌	\xf0\x9f\x99\x8c	PERSON RAISING BOTH HANDS IN CELEBRATION
U+1F64D	🙍	\xf0\x9f\x99\x8d	PERSON FROWNING
U+1F64E	🙎	\xf0\x9f\x99\x8e	PERSON WITH POUTING FACE
U+1F64F	🙏	\xf0\x9f\x99\x8f	PERSON WITH FOLDED HANDS
U+1F650	🙐	\xf0\x9f\x99\x90	NORTH WEST POINTING LEAF
U+1F651	🙑	\xf0\x9f\x99\x91	SOUTH WEST POINTING LEAF
U+1F652	🙒	\xf0\x9f\x99\x92	NORTH EAST POINTING LEAF
U+1F653	🙓	\xf0\x9f\x99\x93	SOUTH EAST POINTING LEAF
U+1F654	🙔	\xf0\x9f\x99\x94	TURNED NORTH WEST POINTING LEAF
U+1F655	🙕	\xf0\x9f\x99\x95	TURNED SOUTH WEST POINTING LEAF
U+1F656	🙖	\xf0\x9f\x99\x96	TURNED NORTH EAST POINTING LEAF
U+1F657	🙗	\xf0\x9f\x99\x97	TURNED SOUTH EAST POINTING LEAF
U+1F658	🙘	\xf0\x9f\x99\x98	NORTH WEST POINTING VINE LEAF
U+1F659	🙙	\xf0\x9f\x99\x99	SOUTH WEST POINTING VINE LEAF
U+1F65A	🙚	\xf0\x9f\x99\x9a	NORTH EAST POINTING VINE LEAF
U+1F65B	🙛	\xf0\x9f\x99\x9b	SOUTH EAST POINTING VINE LEAF
U+1F65C	🙜	\xf0\x9f\x99\x9c	HEAVY NORTH WEST POINTING VINE LEAF
U+1F65D	🙝	\xf0\x9f\x99\x9d	HEAVY SOUTH WEST POINTING VINE LEAF
U+1F65E	🙞	\xf0\x9f\x99\x9e	HEAVY NORTH EAST POINTING VINE LEAF
U+1F65F	🙟	\xf0\x9f\x99\x9f	HEAVY SOUTH EAST POINTING VINE LEAF
U+1F660	🙠	\xf0\x9f\x99\xa0	NORTH WEST POINTING BUD
U+1F661	🙡	\xf0\x9f\x99\xa1	SOUTH WEST POINTING BUD
U+1F662	🙢	\xf0\x9f\x99\xa2	NORTH EAST POINTING BUD
U+1F663	🙣	\xf0\x9f\x99\xa3	SOUTH EAST POINTING BUD
U+1F664	🙤	\xf0\x9f\x99\xa4	HEAVY NORTH WEST POINTING BUD
U+1F665	🙥	\xf0\x9f\x99\xa5	HEAVY SOUTH WEST POINTING BUD
U+1F666	🙦	\xf0\x9f\x99\xa6	HEAVY NORTH EAST POINTING BUD
U+1F667	🙧	\xf0\x9f\x99\xa7	HEAVY SOUTH EAST POINTING BUD
U+1F668	🙨	\xf0\x9f\x99\xa8	HOLLOW QUILT SQUARE ORNAMENT
U+1F669	🙩	\xf0\x9f\x99\xa9	HOLLOW QUILT SQUARE ORNAMENT IN BLACK SQUARE
U+1F66A	🙪	\xf0\x9f\x99\xaa	SOLID QUILT SQUARE ORNAMENT
U+1F66B	🙫	\xf0\x9f\x99\xab	SOLID QUILT SQUARE ORNAMENT IN BLACK SQUARE
U+1F66C	🙬	\xf0\x9f\x99\xac	LEFTWARDS ROCKET
U+1F66D	🙭	\xf0\x9f\x99\xad	UPWARDS ROCKET
U+1F66E	🙮	\xf0\x9f\x99\xae	RIGHTWARDS ROCKET
U+1F66F	🙯	\xf0\x9f\x99\xaf	DOWNWARDS ROCKET
U+1F670	🙰	\xf0\x9f\x99\xb0	SCRIPT LIGATURE ET ORNAMENT
U+1F671	🙱	\xf0\x9f\x99\xb1	HEAVY SCRIPT LIGATURE ET ORNAMENT
U+1F672	🙲	\xf0\x9f\x99\xb2	LIGATURE OPEN ET ORNAMENT
U+1F673	🙳	\xf0\x9f\x99\xb3	HEAVY LIGATURE OPEN ET ORNAMENT
U+1F674	🙴	\xf0\x9f\x99\xb4	HEAVY AMPERSAND ORNAMENT
U+1F675	🙵	\xf0\x9f\x99\xb5	SWASH AMPERSAND ORNAMENT
U+1F676	🙶	\xf0\x9f\x99\xb6	SANS-SERIF HEAVY DOUBLE TURNED COMMA QUOTATION MARK ORNAMENT
U+1F677	🙷	\xf0\x9f\x99\xb7	SANS-SERIF HEAVY DOUBLE COMMA QUOTATION MARK ORNAMENT
U+1F678	🙸	\xf0\x9f\x99\xb8	SANS-SERIF HEAVY LOW DOUBLE COMMA QUOTATION MARK ORNAMENT
U+1F679	🙹	\xf0\x9f\x99\xb9	HEAVY INTERROBANG ORNAMENT
U+1F67A	🙺	\xf0\x9f\x99\xba	SANS-SERIF INTERROBANG ORNAMENT
U+1F67B	🙻	\xf0\x9f\x99\xbb	HEAVY SANS-SERIF INTERROBANG ORNAMENT
U+1F67C	🙼	\xf0\x9f\x99\xbc	VERY HEAVY SOLIDUS
U+1F67D	🙽	\xf0\x9f\x99\xbd	VERY HEAVY REVERSE SOLIDUS
U+1F67E	🙾	\xf0\x9f\x99\xbe	CHECKER BOARD
U+1F67F	🙿	\xf0\x9f\x99\xbf	REVERSE CHECKER BOARD
U+1F680	🚀	\xf0\x9f\x9a\x80	ROCKET
U+1F681	🚁	\xf0\x9f\x9a\x81	HELICOPTER
U+1F682	🚂	\xf0\x9f\x9a\x82	STEAM LOCOMOTIVE
U+1F683	🚃	\xf0\x9f\x9a\x83	RAILWAY CAR
U+1F684	🚄	\xf0\x9f\x9a\x84	HIGH-SPEED TRAIN
U+1F685	🚅	\xf0\x9f\x9a\x85	HIGH-SPEED TRAIN WITH BULLET NOSE
U+1F686	🚆	\xf0\x9f\x9a\x86	TRAIN
U+1F687	🚇	\xf0\x9f\x9a\x87	METRO
U+1F688	🚈	\xf0\x9f\x9a\x88	LIGHT RAIL
U+1F689	🚉	\xf0\x9f\x9a\x89	STATION
U+1F68A	🚊	\xf0\x9f\x9a\x8a	TRAM
U+1F68B	🚋	\xf0\x9f\x9a\x8b	TRAM CAR
U+1F68C	🚌	\xf0\x9f\x9a\x8c	BUS
U+1F68D	🚍	\xf0\x9f\x9a\x8d	ONCOMING BUS
U+1F68E	🚎	\xf0\x9f\x9a\x8e	TROLLEYBUS
U+1F68F	🚏	\xf0\x9f\x9a\x8f	BUS STOP
U+1F690	🚐	\xf0\x9f\x9a\x90	MINIBUS
U+1F691	🚑	\xf0\x9f\x9a\x91	AMBULANCE
U+1F692	🚒	\xf0\x9f\x9a\x92	FIRE ENGINE
U+1F693	🚓	\xf0\x9f\x9a\x93	POLICE CAR
U+1F694	🚔	\xf0\x9f\x9a\x94	ONCOMING POLICE CAR
U+1F695	🚕	\xf0\x9f\x9a\x95	TAXI
U+1F696	🚖	\xf0\x9f\x9a\x96	ONCOMING TAXI
U+1F697	🚗	\xf0\x9f\x9a\x97	AUTOMOBILE
U+1F698	🚘	\xf0\x9f\x9a\x98	ONCOMING AUTOMOBILE
U+1F699	🚙	\xf0\x9f\x9a\x99	RECREATIONAL VEHICLE
U+1F69A	🚚	\xf0\x9f\x9a\x9a	DELIVERY TRUCK
U+1F69B	🚛	\xf0\x9f\x9a\x9b	ARTICULATED LORRY
U+1F69C	🚜	\xf0\x9f\x9a\x9c	TRACTOR
U+1F69D	🚝	\xf0\x9f\x9a\x9d	MONORAIL
U+1F69E	🚞	\xf0\x9f\x9a\x9e	MOUNTAIN RAILWAY
U+1F69F	🚟	\xf0\x9f\x9a\x9f	SUSPENSION RAILWAY
U+1F6A0	🚠	\xf0\x9f\x9a\xa0	MOUNTAIN CABLEWAY
U+1F6A1	🚡	\xf0\x9f\x9a\xa1	AERIAL TRAMWAY
U+1F6A2	🚢	\xf0\x9f\x9a\xa2	SHIP
U+1F6A3	🚣	\xf0\x9f\x9a\xa3	ROWBOAT
U+1F6A4	🚤	\xf0\x9f\x9a\xa4	SPEEDBOAT
U+1F6A5	🚥	\xf0\x9f\x9a\xa5	HORIZONTAL TRAFFIC LIGHT
U+1F6A6	🚦	\xf0\x9f\x9a\xa6	VERTICAL TRAFFIC LIGHT
U+1F6A7	🚧	\xf0\x9f\x9a\xa7	CONSTRUCTION SIGN
U+1F6A8	🚨	\xf0\x9f\x9a\xa8	POLICE CARS REVOLVING LIGHT
U+1F6A9	🚩	\xf0\x9f\x9a\xa9	TRIANGULAR FLAG ON POST
U+1F6AA	🚪	\xf0\x9f\x9a\xaa	DOOR
U+1F6AB	🚫	\xf0\x9f\x9a\xab	NO ENTRY SIGN
U+1F6AC	🚬	\xf0\x9f\x9a\xac	SMOKING SYMBOL
U+1F6AD	🚭	\xf0\x9f\x9a\xad	NO SMOKING SYMBOL
U+1F6AE	🚮	\xf0\x9f\x9a\xae	PUT LITTER IN ITS PLACE SYMBOL
U+1F6AF	🚯	\xf0\x9f\x9a\xaf	DO NOT LITTER SYMBOL
U+1F6B0	🚰	\xf0\x9f\x9a\xb0	POTABLE WATER SYMBOL
U+1F6B1	🚱	\xf0\x9f\x9a\xb1	NON-POTABLE WATER SYMBOL
U+1F6B2	🚲	\xf0\x9f\x9a\xb2	BICYCLE
U+1F6B3	🚳	\xf0\x9f\x9a\xb3	NO BICYCLES
U+1F6B4	🚴	\xf0\x9f\x9a\xb4	BICYCLIST
U+1F6B5	🚵	\xf0\x9f\x9a\xb5	MOUNTAIN BICYCLIST
U+1F6B6	🚶	\xf0\x9f\x9a\xb6	PEDESTRIAN
U+1F6B7	🚷	\xf0\x9f\x9a\xb7	NO PEDESTRIANS
U+1F6B8	🚸	\xf0\x9f\x9a\xb8	CHILDREN CROSSING
U+1F6B9	🚹	\xf0\x9f\x9a\xb9	MENS SYMBOL
U+1F6BA	🚺	\xf0\x9f\x9a\xba	WOMENS SYMBOL
U+1F6BB	🚻	\xf0\x9f\x9a\xbb	RESTROOM
U+1F6BC	🚼	\xf0\x9f\x9a\xbc	BABY SYMBOL
U+1F6BD	🚽	\xf0\x9f\x9a\xbd	TOILET
U+1F6BE	🚾	\xf0\x9f\x9a\xbe	WATER CLOSET
U+1F6BF	🚿	\xf0\x9f\x9a\xbf	SHOWER
U+1F6C0	🛀	\xf0\x9f\x9b\x80	BATH
U+1F6C1	🛁	\xf0\x9f\x9b\x81	BATHTUB
U+1F6C2	🛂	\xf0\x9f\x9b\x82	PASSPORT CONTROL
U+1F6C3	🛃	\xf0\x9f\x9b\x83	CUSTOMS
U+1F6C4	🛄	\xf0\x9f\x9b\x84	BAGGAGE CLAIM
U+1F6C5	🛅	\xf0\x9f\x9b\x85	LEFT LUGGAGE
U+1F6C6	🛆	\xf0\x9f\x9b\x86	TRIANGLE WITH ROUNDED CORNERS
U+1F6C7	🛇	\xf0\x9f\x9b\x87	PROHIBITED SIGN
U+1F6C8	🛈	\xf0\x9f\x9b\x88	CIRCLED INFORMATION SOURCE
U+1F6C9	🛉	\xf0\x9f\x9b\x89	BOYS SYMBOL
U+1F6CA	🛊	\xf0\x9f\x9b\x8a	GIRLS SYMBOL
U+1F6CB	🛋	\xf0\x9f\x9b\x8b	COUCH AND LAMP
U+1F6CC	🛌	\xf0\x9f\x9b\x8c	SLEEPING ACCOMMODATION
U+1F6CD	🛍	\xf0\x9f\x9b\x8d	SHOPPING BAGS
U+1F6CE	🛎	\xf0\x9f\x9b\x8e	BELLHOP BELL
U+1F6CF	🛏	\xf0\x9f\x9b\x8f	BED
U+1F6D0	🛐	\xf0\x9f\x9b\x90	PLACE OF WORSHIP
U+1F6D1	🛑	\xf0\x9f\x9b\x91	OCTAGONAL SIGN
U+1F6D2	🛒	\xf0\x9f\x9b\x92	SHOPPING TROLLEY
U+1F6D3	🛓	\xf0\x9f\x9b\x93	STUPA
U+1F6D4	🛔	\xf0\x9f\x9b\x94	PAGODA
U+1F6D5	🛕	\xf0\x9f\x9b\x95	HINDU TEMPLE
U+1F6D6	🛖	\xf0\x9f\x9b\x96	HUT
U+1F6D7	🛗	\xf0\x9f\x9b\x97	ELEVATOR
U+1F6D8	🛘	\xf0\x9f\x9b\x98	
U+1F6D9	🛙	\xf0\x9f\x9b\x99	
U+1F6DA	🛚	\xf0\x9f\x9b\x9a	
U+1F6DB	🛛	\xf0\x9f\x9b\x9b	
U+1F6DC	🛜	\xf0\x9f\x9b\x9c	
U+1F6DD	🛝	\xf0\x9f\x9b\x9d	
U+1F6DE	🛞	\xf0\x9f\x9b\x9e	
U+1F6DF	🛟	\xf0\x9f\x9b\x9f	
U+1F6E0	🛠	\xf0\x9f\x9b\xa0	HAMMER AND WRENCH
U+1F6E1	🛡	\xf0\x9f\x9b\xa1	SHIELD
U+1F6E2	🛢	\xf0\x9f\x9b\xa2	OIL DRUM
U+1F6E3	🛣	\xf0\x9f\x9b\xa3	MOTORWAY
U+1F6E4	🛤	\xf0\x9f\x9b\xa4	RAILWAY TRACK
U+1F6E5	🛥	\xf0\x9f\x9b\xa5	MOTOR BOAT
U+1F6E6	🛦	\xf0\x9f\x9b\xa6	UP-POINTING MILITARY AIRPLANE
U+1F6E7	🛧	\xf0\x9f\x9b\xa7	UP-POINTING AIRPLANE
U+1F6E8	🛨	\xf0\x9f\x9b\xa8	UP-POINTING SMALL AIRPLANE
U+1F6E9	🛩	\xf0\x9f\x9b\xa9	SMALL AIRPLANE
U+1F6EA	🛪	\xf0\x9f\x9b\xaa	NORTHEAST-POINTING AIRPLANE
U+1F6EB	🛫	\xf0\x9f\x9b\xab	AIRPLANE DEPARTURE
U+1F6EC	🛬	\xf0\x9f\x9b\xac	AIRPLANE ARRIVING
U+1F6ED	🛭	\xf0\x9f\x9b\xad	
U+1F6EE	🛮	\xf0\x9f\x9b\xae	
U+1F6EF	🛯	\xf0\x9f\x9b\xaf	
U+1F6F0	🛰	\xf0\x9f\x9b\xb0	SATELLITE
U+1F6F1	🛱	\xf0\x9f\x9b\xb1	ONCOMING FIRE ENGINE
U+1F6F2	🛲	\xf0\x9f\x9b\xb2	DIESEL LOCOMOTIVE
U+1F6F3	🛳	\xf0\x9f\x9b\xb3	PASSENGER SHIP
U+1F6F4	🛴	\xf0\x9f\x9b\xb4	SCOOTER
U+1F6F5	🛵	\xf0\x9f\x9b\xb5	MOTOR SCOOTER
U+1F6F6	🛶	\xf0\x9f\x9b\xb6	CANOE
U+1F6F7	🛷	\xf0\x9f\x9b\xb7	SLED
U+1F6F8	🛸	\xf0\x9f\x9b\xb8	FLYING SAUCER
U+1F6F9	🛹	\xf0\x9f\x9b\xb9	SKATEBOARD
U+1F6FA	🛺	\xf0\x9f\x9b\xba	AUTO RICKSHAW
U+1F6FB	🛻	\xf0\x9f\x9b\xbb	PICKUP TRUCK
U+1F6FC	🛼	\xf0\x9f\x9b\xbc	ROLLER SKATE
U+1F6FD	🛽	\xf0\x9f\x9b\xbd	
U+1F6FE	🛾	\xf0\x9f\x9b\xbe	
U+1F6FF	🛿	\xf0\x9f\x9b\xbf	
U+1F700	🜀	\xf0\x9f\x9c\x80	ALCHEMICAL SYMBOL FOR QUINTESSENCE
U+1F701	🜁	\xf0\x9f\x9c\x81	ALCHEMICAL SYMBOL FOR AIR
U+1F702	🜂	\xf0\x9f\x9c\x82	ALCHEMICAL SYMBOL FOR FIRE
U+1F703	🜃	\xf0\x9f\x9c\x83	ALCHEMICAL SYMBOL FOR EARTH
U+1F704	🜄	\xf0\x9f\x9c\x84	ALCHEMICAL SYMBOL FOR WATER
U+1F705	🜅	\xf0\x9f\x9c\x85	ALCHEMICAL SYMBOL FOR AQUAFORTIS
U+1F706	🜆	\xf0\x9f\x9c\x86	ALCHEMICAL SYMBOL FOR AQUA REGIA
U+1F707	🜇	\xf0\x9f\x9c\x87	ALCHEMICAL SYMBOL FOR AQUA REGIA-2
U+1F708	🜈	\xf0\x9f\x9c\x88	ALCHEMICAL SYMBOL FOR AQUA VITAE
U+1F709	🜉	\xf0\x9f\x9c\x89	ALCHEMICAL SYMBOL FOR AQUA VITAE-2
U+1F70A	🜊	\xf0\x9f\x9c\x8a	ALCHEMICAL SYMBOL FOR VINEGAR
U+1F70B	🜋	\xf0\x9f\x9c\x8b	ALCHEMICAL SYMBOL FOR VINEGAR-2
U+1F70C	🜌	\xf0\x9f\x9c\x8c	ALCHEMICAL SYMBOL FOR VINEGAR-3
U+1F70D	🜍	\xf0\x9f\x9c\x8d	ALCHEMICAL SYMBOL FOR SULFUR
U+1F70E	🜎	\xf0\x9f\x9c\x8e	ALCHEMICAL SYMBOL FOR PHILOSOPHERS SULFUR
U+1F70F	🜏	\xf0\x9f\x9c\x8f	ALCHEMICAL SYMBOL FOR BLACK SULFUR
U+1F710	🜐	\xf0\x9f\x9c\x90	ALCHEMICAL SYMBOL FOR MERCURY SUBLIMATE
U+1F711	🜑	\xf0\x9f\x9c\x91	ALCHEMICAL SYMBOL FOR MERCURY SUBLIMATE-2
U+1F712	🜒	\xf0\x9f\x9c\x92	ALCHEMICAL SYMBOL FOR MERCURY SUBLIMATE-3
U+1F713	🜓	\xf0\x9f\x9c\x93	ALCHEMICAL SYMBOL FOR CINNABAR
U+1F714	🜔	\xf0\x9f\x9c\x94	ALCHEMICAL SYMBOL FOR SALT
U+1F715	🜕	\xf0\x9f\x9c\x95	ALCHEMICAL SYMBOL FOR NITRE
U+1F716	🜖	\xf0\x9f\x9c\x96	ALCHEMICAL SYMBOL FOR VITRIOL
U+1F717	🜗	\xf0\x9f\x9c\x97	ALCHEMICAL SYMBOL FOR VITRIOL-2
U+1F718	🜘	\xf0\x9f\x9c\x98	ALCHEMICAL SYMBOL FOR ROCK SALT
U+1F719	🜙	\xf0\x9f\x9c\x99	ALCHEMICAL SYMBOL FOR ROCK SALT-2
U+1F71A	🜚	\xf0\x9f\x9c\x9a	ALCHEMICAL SYMBOL FOR GOLD
U+1F71B	🜛	\xf0\x9f\x9c\x9b	ALCHEMICAL SYMBOL FOR SILVER
U+1F71C	🜜	\xf0\x9f\x9c\x9c	ALCHEMICAL SYMBOL FOR IRON ORE
U+1F71D	🜝	\xf0\x9f\x9c\x9d	ALCHEMICAL SYMBOL FOR IRON ORE-2
U+1F71E	🜞	\xf0\x9f\x9c\x9e	ALCHEMICAL SYMBOL FOR CROCUS OF IRON
U+1F71F	🜟	\xf0\x9f\x9c\x9f	ALCHEMICAL SYMBOL FOR REGULUS OF IRON
U+1F720	🜠	\xf0\x9f\x9c\xa0	ALCHEMICAL SYMBOL FOR COPPER ORE
U+1F721	🜡	\xf0\x9f\x9c\xa1	ALCHEMICAL SYMBOL FOR IRON-COPPER ORE
U+1F722	🜢	\xf0\x9f\x9c\xa2	ALCHEMICAL SYMBOL FOR SUBLIMATE OF COPPER
U+1F723	🜣	\xf0\x9f\x9c\xa3	ALCHEMICAL SYMBOL FOR CROCUS OF COPPER
U+1F724	🜤	\xf0\x9f\x9c\xa4	ALCHEMICAL SYMBOL FOR CROCUS OF COPPER-2
U+1F725	🜥	\xf0\x9f\x9c\xa5	ALCHEMICAL SYMBOL FOR COPPER ANTIMONIATE
U+1F726	🜦	\xf0\x9f\x9c\xa6	ALCHEMICAL SYMBOL FOR SALT OF COPPER ANTIMONIATE
U+1F727	🜧	\xf0\x9f\x9c\xa7	ALCHEMICAL SYMBOL FOR SUBLIMATE OF SALT OF COPPER
U+1F728	🜨	\xf0\x9f\x9c\xa8	ALCHEMICAL SYMBOL FOR VERDIGRIS
U+1F729	🜩	\xf0\x9f\x9c\xa9	ALCHEMICAL SYMBOL FOR TIN ORE
U+1F72A	🜪	\xf0\x9f\x9c\xaa	ALCHEMICAL SYMBOL FOR LEAD ORE
U+1F72B	🜫	\xf0\x9f\x9c\xab	ALCHEMICAL SYMBOL FOR ANTIMONY ORE
U+1F72C	🜬	\xf0\x9f\x9c\xac	ALCHEMICAL SYMBOL FOR SUBLIMATE OF ANTIMONY
U+1F72D	🜭	\xf0\x9f\x9c\xad	ALCHEMICAL SYMBOL FOR SALT OF ANTIMONY
U+1F72E	🜮	\xf0\x9f\x9c\xae	ALCHEMICAL SYMBOL FOR SUBLIMATE OF SALT OF ANTIMONY
U+1F72F	🜯	\xf0\x9f\x9c\xaf	ALCHEMICAL SYMBOL FOR VINEGAR OF ANTIMONY
U+1F730	🜰	\xf0\x9f\x9c\xb0	ALCHEMICAL SYMBOL FOR REGULUS OF ANTIMONY
U+1F731	🜱	\xf0\x9f\x9c\xb1	ALCHEMICAL SYMBOL FOR REGULUS OF ANTIMONY-2
U+1F732	🜲	\xf0\x9f\x9c\xb2	ALCHEMICAL SYMBOL FOR REGULUS
U+1F733	🜳	\xf0\x9f\x9c\xb3	ALCHEMICAL SYMBOL FOR REGULUS-2
U+1F734	🜴	\xf0\x9f\x9c\xb4	ALCHEMICAL SYMBOL FOR REGULUS-3
U+1F735	🜵	\xf0\x9f\x9c\xb5	ALCHEMICAL SYMBOL FOR REGULUS-4
U+1F736	🜶	\xf0\x9f\x9c\xb6	ALCHEMICAL SYMBOL FOR ALKALI
U+1F737	🜷	\xf0\x9f\x9c\xb7	ALCHEMICAL SYMBOL FOR ALKALI-2
U+1F738	🜸	\xf0\x9f\x9c\xb8	ALCHEMICAL SYMBOL FOR MARCASITE
U+1F739	🜹	\xf0\x9f\x9c\xb9	ALCHEMICAL SYMBOL FOR SAL-AMMONIAC
U+1F73A	🜺	\xf0\x9f\x9c\xba	ALCHEMICAL SYMBOL FOR ARSENIC
U+1F73B	🜻	\xf0\x9f\x9c\xbb	ALCHEMICAL SYMBOL FOR REALGAR
U+1F73C	🜼	\xf0\x9f\x9c\xbc	ALCHEMICAL SYMBOL FOR REALGAR-2
U+1F73D	🜽	\xf0\x9f\x9c\xbd	ALCHEMICAL SYMBOL FOR AURIPIGMENT
U+1F73E	🜾	\xf0\x9f\x9c\xbe	ALCHEMICAL SYMBOL FOR BISMUTH ORE
U+1F73F	🜿	\xf0\x9f\x9c\xbf	ALCHEMICAL SYMBOL FOR TARTAR
U+1F740	🝀	\xf0\x9f\x9d\x80	ALCHEMICAL SYMBOL FOR TARTAR-2
U+1F741	🝁	\xf0\x9f\x9d\x81	ALCHEMICAL SYMBOL FOR QUICK LIME
U+1F742	🝂	\xf0\x9f\x9d\x82	ALCHEMICAL SYMBOL FOR BORAX
U+1F743	🝃	\xf0\x9f\x9d\x83	ALCHEMICAL SYMBOL FOR BORAX-2
U+1F744	🝄	\xf0\x9f\x9d\x84	ALCHEMICAL SYMBOL FOR BORAX-3
U+1F745	🝅	\xf0\x9f\x9d\x85	ALCHEMICAL SYMBOL FOR ALUM
U+1F746	🝆	\xf0\x9f\x9d\x86	ALCHEMICAL SYMBOL FOR OIL
U+1F747	🝇	\xf0\x9f\x9d\x87	ALCHEMICAL SYMBOL FOR SPIRIT
U+1F748	🝈	\xf0\x9f\x9d\x88	ALCHEMICAL SYMBOL FOR TINCTURE
U+1F749	🝉	\xf0\x9f\x9d\x89	ALCHEMICAL SYMBOL FOR GUM
U+1F74A	🝊	\xf0\x9f\x9d\x8a	ALCHEMICAL SYMBOL FOR WAX
U+1F74B	🝋	\xf0\x9f\x9d\x8b	ALCHEMICAL SYMBOL FOR POWDER
U+1F74C	🝌	\xf0\x9f\x9d\x8c	ALCHEMICAL SYMBOL FOR CALX
U+1F74D	🝍	\xf0\x9f\x9d\x8d	ALCHEMICAL SYMBOL FOR TUTTY
U+1F74E	🝎	\xf0\x9f\x9d\x8e	ALCHEMICAL SYMBOL FOR CAPUT MORTUUM
U+1F74F	🝏	\xf0\x9f\x9d\x8f	ALCHEMICAL SYMBOL FOR SCEPTER OF JOVE
U+1F750	🝐	\xf0\x9f\x9d\x90	ALCHEMICAL SYMBOL FOR CADUCEUS
U+1F751	🝑	\xf0\x9f\x9d\x91	ALCHEMICAL SYMBOL FOR TRIDENT
U+1F752	🝒	\xf0\x9f\x9d\x92	ALCHEMICAL SYMBOL FOR STARRED TRIDENT
U+1F753	🝓	\xf0\x9f\x9d\x93	ALCHEMICAL SYMBOL FOR LODESTONE
U+1F754	🝔	\xf0\x9f\x9d\x94	ALCHEMICAL SYMBOL FOR SOAP
U+1F755	🝕	\xf0\x9f\x9d\x95	ALCHEMICAL SYMBOL FOR URINE
U+1F756	🝖	\xf0\x9f\x9d\x96	ALCHEMICAL SYMBOL FOR HORSE DUNG
U+1F757	🝗	\xf0\x9f\x9d\x97	ALCHEMICAL SYMBOL FOR ASHES
U+1F758	🝘	\xf0\x9f\x9d\x98	ALCHEMICAL SYMBOL FOR POT ASHES
U+1F759	🝙	\xf0\x9f\x9d\x99	ALCHEMICAL SYMBOL FOR BRICK
U+1F75A	🝚	\xf0\x9f\x9d\x9a	ALCHEMICAL SYMBOL FOR POWDERED BRICK
U+1F75B	🝛	\xf0\x9f\x9d\x9b	ALCHEMICAL SYMBOL FOR AMALGAM
U+1F75C	🝜	\xf0\x9f\x9d\x9c	ALCHEMICAL SYMBOL FOR STRATUM SUPER STRATUM
U+1F75D	🝝	\xf0\x9f\x9d\x9d	ALCHEMICAL SYMBOL FOR STRATUM SUPER STRATUM-2
U+1F75E	🝞	\xf0\x9f\x9d\x9e	ALCHEMICAL SYMBOL FOR SUBLIMATION
U+1F75F	🝟	\xf0\x9f\x9d\x9f	ALCHEMICAL SYMBOL FOR PRECIPITATE
U+1F760	🝠	\xf0\x9f\x9d\xa0	ALCHEMICAL SYMBOL FOR DISTILL
U+1F761	🝡	\xf0\x9f\x9d\xa1	ALCHEMICAL SYMBOL FOR DISSOLVE
U+1F762	🝢	\xf0\x9f\x9d\xa2	ALCHEMICAL SYMBOL FOR DISSOLVE-2
U+1F763	🝣	\xf0\x9f\x9d\xa3	ALCHEMICAL SYMBOL FOR PURIFY
U+1F764	🝤	\xf0\x9f\x9d\xa4	ALCHEMICAL SYMBOL FOR PUTREFACTION
U+1F765	🝥	\xf0\x9f\x9d\xa5	ALCHEMICAL SYMBOL FOR CRUCIBLE
U+1F766	🝦	\xf0\x9f\x9d\xa6	ALCHEMICAL SYMBOL FOR CRUCIBLE-2
U+1F767	🝧	\xf0\x9f\x9d\xa7	ALCHEMICAL SYMBOL FOR CRUCIBLE-3
U+1F768	🝨	\xf0\x9f\x9d\xa8	ALCHEMICAL SYMBOL FOR CRUCIBLE-4
U+1F769	🝩	\xf0\x9f\x9d\xa9	ALCHEMICAL SYMBOL FOR CRUCIBLE-5
U+1F76A	🝪	\xf0\x9f\x9d\xaa	ALCHEMICAL SYMBOL FOR ALEMBIC
U+1F76B	🝫	\xf0\x9f\x9d\xab	ALCHEMICAL SYMBOL FOR BATH OF MARY
U+1F76C	🝬	\xf0\x9f\x9d\xac	ALCHEMICAL SYMBOL FOR BATH OF VAPOURS
U+1F76D	🝭	\xf0\x9f\x9d\xad	ALCHEMICAL SYMBOL FOR RETORT
U+1F76E	🝮	\xf0\x9f\x9d\xae	ALCHEMICAL SYMBOL FOR HOUR
U+1F76F	🝯	\xf0\x9f\x9d\xaf	ALCHEMICAL SYMBOL FOR NIGHT
U+1F770	🝰	\xf0\x9f\x9d\xb0	ALCHEMICAL SYMBOL FOR DAY-NIGHT
U+1F771	🝱	\xf0\x9f\x9d\xb1	ALCHEMICAL SYMBOL FOR MONTH
U+1F772	🝲	\xf0\x9f\x9d\xb2	ALCHEMICAL SYMBOL FOR HALF DRAM
U+1F773	🝳	\xf0\x9f\x9d\xb3	ALCHEMICAL SYMBOL FOR HALF OUNCE
U+1F774	🝴	\xf0\x9f\x9d\xb4	
U+1F775	🝵	\xf0\x9f\x9d\xb5	
U+1F776	🝶	\xf0\x9f\x9d\xb6	
U+1F777	🝷	\xf0\x9f\x9d\xb7	
U+1F778	🝸	\xf0\x9f\x9d\xb8	
U+1F779	🝹	\xf0\x9f\x9d\xb9	
U+1F77A	🝺	\xf0\x9f\x9d\xba	
U+1F77B	🝻	\xf0\x9f\x9d\xbb	
U+1F77C	🝼	\xf0\x9f\x9d\xbc	
U+1F77D	🝽	\xf0\x9f\x9d\xbd	
U+1F77E	🝾	\xf0\x9f\x9d\xbe	
U+1F77F	🝿	\xf0\x9f\x9d\xbf	
U+1F780	🞀	\xf0\x9f\x9e\x80	BLACK LEFT-POINTING ISOSCELES RIGHT TRIANGLE
U+1F781	🞁	\xf0\x9f\x9e\x81	BLACK UP-POINTING ISOSCELES RIGHT TRIANGLE
U+1F782	🞂	\xf0\x9f\x9e\x82	BLACK RIGHT-POINTING ISOSCELES RIGHT TRIANGLE
U+1F783	🞃	\xf0\x9f\x9e\x83	BLACK DOWN-POINTING ISOSCELES RIGHT TRIANGLE
U+1F784	🞄	\xf0\x9f\x9e\x84	BLACK SLIGHTLY SMALL CIRCLE
U+1F785	🞅	\xf0\x9f\x9e\x85	MEDIUM BOLD WHITE CIRCLE
U+1F786	🞆	\xf0\x9f\x9e\x86	BOLD WHITE CIRCLE
U+1F787	🞇	\xf0\x9f\x9e\x87	HEAVY WHITE CIRCLE
U+1F788	🞈	\xf0\x9f\x9e\x88	VERY HEAVY WHITE CIRCLE
U+1F789	🞉	\xf0\x9f\x9e\x89	EXTREMELY HEAVY WHITE CIRCLE
U+1F78A	🞊	\xf0\x9f\x9e\x8a	WHITE CIRCLE CONTAINING BLACK SMALL CIRCLE
U+1F78B	🞋	\xf0\x9f\x9e\x8b	ROUND TARGET
U+1F78C	🞌	\xf0\x9f\x9e\x8c	BLACK TINY SQUARE
U+1F78D	🞍	\xf0\x9f\x9e\x8d	BLACK SLIGHTLY SMALL SQUARE
U+1F78E	🞎	\xf0\x9f\x9e\x8e	LIGHT WHITE SQUARE
U+1F78F	🞏	\xf0\x9f\x9e\x8f	MEDIUM WHITE SQUARE
U+1F790	🞐	\xf0\x9f\x9e\x90	BOLD WHITE SQUARE
U+1F791	🞑	\xf0\x9f\x9e\x91	HEAVY WHITE SQUARE
U+1F792	🞒	\xf0\x9f\x9e\x92	VERY HEAVY WHITE SQUARE
U+1F793	🞓	\xf0\x9f\x9e\x93	EXTREMELY HEAVY WHITE SQUARE
U+1F794	🞔	\xf0\x9f\x9e\x94	WHITE SQUARE CONTAINING BLACK VERY SMALL SQUARE
U+1F795	🞕	\xf0\x9f\x9e\x95	WHITE SQUARE CONTAINING BLACK MEDIUM SQUARE
U+1F796	🞖	\xf0\x9f\x9e\x96	SQUARE TARGET
U+1F797	🞗	\xf0\x9f\x9e\x97	BLACK TINY DIAMOND
U+1F798	🞘	\xf0\x9f\x9e\x98	BLACK VERY SMALL DIAMOND
U+1F799	🞙	\xf0\x9f\x9e\x99	BLACK MEDIUM SMALL DIAMOND
U+1F79A	🞚	\xf0\x9f\x9e\x9a	WHITE DIAMOND CONTAINING BLACK VERY SMALL DIAMOND
U+1F79B	🞛	\xf0\x9f\x9e\x9b	WHITE DIAMOND CONTAINING BLACK MEDIUM DIAMOND
U+1F79C	🞜	\xf0\x9f\x9e\x9c	DIAMOND TARGET
U+1F79D	🞝	\xf0\x9f\x9e\x9d	BLACK TINY LOZENGE
U+1F79E	🞞	\xf0\x9f\x9e\x9e	BLACK VERY SMALL LOZENGE
U+1F79F	🞟	\xf0\x9f\x9e\x9f	BLACK MEDIUM SMALL LOZENGE
U+1F7A0	🞠	\xf0\x9f\x9e\xa0	WHITE LOZENGE CONTAINING BLACK SMALL LOZENGE
U+1F7A1	🞡	\xf0\x9f\x9e\xa1	THIN GREEK CROSS
U+1F7A2	🞢	\xf0\x9f\x9e\xa2	LIGHT GREEK CROSS
U+1F7A3	🞣	\xf0\x9f\x9e\xa3	MEDIUM GREEK CROSS
U+1F7A4	🞤	\xf0\x9f\x9e\xa4	BOLD GREEK CROSS
U+1F7A5	🞥	\xf0\x9f\x9e\xa5	VERY BOLD GREEK CROSS
U+1F7A6	🞦	\xf0\x9f\x9e\xa6	VERY HEAVY GREEK CROSS
U+1F7A7	🞧	\xf0\x9f\x9e\xa7	EXTREMELY HEAVY GREEK CROSS
U+1F7A8	🞨	\xf0\x9f\x9e\xa8	THIN SALTIRE
U+1F7A9	🞩	\xf0\x9f\x9e\xa9	LIGHT SALTIRE
U+1F7AA	🞪	\xf0\x9f\x9e\xaa	MEDIUM SALTIRE
U+1F7AB	🞫	\xf0\x9f\x9e\xab	BOLD SALTIRE
U+1F7AC	🞬	\xf0\x9f\x9e\xac	HEAVY SALTIRE
U+1F7AD	🞭	\xf0\x9f\x9e\xad	VERY HEAVY SALTIRE
U+1F7AE	🞮	\xf0\x9f\x9e\xae	EXTREMELY HEAVY SALTIRE
U+1F7AF	🞯	\xf0\x9f\x9e\xaf	LIGHT FIVE SPOKED ASTERISK
U+1F7B0	🞰	\xf0\x9f\x9e\xb0	MEDIUM FIVE SPOKED ASTERISK
U+1F7B1	🞱	\xf0\x9f\x9e\xb1	BOLD FIVE SPOKED ASTERISK
U+1F7B2	🞲	\xf0\x9f\x9e\xb2	HEAVY FIVE SPOKED ASTERISK
U+1F7B3	🞳	\xf0\x9f\x9e\xb3	VERY HEAVY FIVE SPOKED ASTERISK
U+1F7B4	🞴	\xf0\x9f\x9e\xb4	EXTREMELY HEAVY FIVE SPOKED ASTERISK
U+1F7B5	🞵	\xf0\x9f\x9e\xb5	LIGHT SIX SPOKED ASTERISK
U+1F7B6	🞶	\xf0\x9f\x9e\xb6	MEDIUM SIX SPOKED ASTERISK
U+1F7B7	🞷	\xf0\x9f\x9e\xb7	BOLD SIX SPOKED ASTERISK
U+1F7B8	🞸	\xf0\x9f\x9e\xb8	HEAVY SIX SPOKED ASTERISK
U+1F7B9	🞹	\xf0\x9f\x9e\xb9	VERY HEAVY SIX SPOKED ASTERISK
U+1F7BA	🞺	\xf0\x9f\x9e\xba	EXTREMELY HEAVY SIX SPOKED ASTERISK
U+1F7BB	🞻	\xf0\x9f\x9e\xbb	LIGHT EIGHT SPOKED ASTERISK
U+1F7BC	🞼	\xf0\x9f\x9e\xbc	MEDIUM EIGHT SPOKED ASTERISK
U+1F7BD	🞽	\xf0\x9f\x9e\xbd	BOLD EIGHT SPOKED ASTERISK
U+1F7BE	🞾	\xf0\x9f\x9e\xbe	HEAVY EIGHT SPOKED ASTERISK
U+1F7BF	🞿	\xf0\x9f\x9e\xbf	VERY HEAVY EIGHT SPOKED ASTERISK
U+1F7C0	🟀	\xf0\x9f\x9f\x80	LIGHT THREE POINTED BLACK STAR
U+1F7C1	🟁	\xf0\x9f\x9f\x81	MEDIUM THREE POINTED BLACK STAR
U+1F7C2	🟂	\xf0\x9f\x9f\x82	THREE POINTED BLACK STAR
U+1F7C3	🟃	\xf0\x9f\x9f\x83	MEDIUM THREE POINTED PINWHEEL STAR
U+1F7C4	🟄	\xf0\x9f\x9f\x84	LIGHT FOUR POINTED BLACK STAR
U+1F7C5	🟅	\xf0\x9f\x9f\x85	MEDIUM FOUR POINTED BLACK STAR
U+1F7C6	🟆	\xf0\x9f\x9f\x86	FOUR POINTED BLACK STAR
U+1F7C7	🟇	\xf0\x9f\x9f\x87	MEDIUM FOUR POINTED PINWHEEL STAR
U+1F7C8	🟈	\xf0\x9f\x9f\x88	REVERSE LIGHT FOUR POINTED PINWHEEL STAR
U+1F7C9	🟉	\xf0\x9f\x9f\x89	LIGHT FIVE POINTED BLACK STAR
U+1F7CA	🟊	\xf0\x9f\x9f\x8a	HEAVY FIVE POINTED BLACK STAR
U+1F7CB	🟋	\xf0\x9f\x9f\x8b	MEDIUM SIX POINTED BLACK STAR
U+1F7CC	🟌	\xf0\x9f\x9f\x8c	HEAVY SIX POINTED BLACK STAR
U+1F7CD	🟍	\xf0\x9f\x9f\x8d	SIX POINTED PINWHEEL STAR
U+1F7CE	🟎	\xf0\x9f\x9f\x8e	MEDIUM EIGHT POINTED BLACK STAR
U+1F7CF	🟏	\xf0\x9f\x9f\x8f	HEAVY EIGHT POINTED BLACK STAR
U+1F7D0	🟐	\xf0\x9f\x9f\x90	VERY HEAVY EIGHT POINTED BLACK STAR
U+1F7D1	🟑	\xf0\x9f\x9f\x91	HEAVY EIGHT POINTED PINWHEEL STAR
U+1F7D2	🟒	\xf0\x9f\x9f\x92	LIGHT TWELVE POINTED BLACK STAR
U+1F7D3	🟓	\xf0\x9f\x9f\x93	HEAVY TWELVE POINTED BLACK STAR
U+1F7D4	🟔	\xf0\x9f\x9f\x94	HEAVY TWELVE POINTED PINWHEEL STAR
U+1F7D5	🟕	\xf0\x9f\x9f\x95	CIRCLED TRIANGLE
U+1F7D6	🟖	\xf0\x9f\x9f\x96	NEGATIVE CIRCLED TRIANGLE
U+1F7D7	🟗	\xf0\x9f\x9f\x97	CIRCLED SQUARE
U+1F7D8	🟘	\xf0\x9f\x9f\x98	NEGATIVE CIRCLED SQUARE
U+1F7D9	🟙	\xf0\x9f\x9f\x99	
U+1F7DA	🟚	\xf0\x9f\x9f\x9a	
U+1F7DB	🟛	\xf0\x9f\x9f\x9b	
U+1F7DC	🟜	\xf0\x9f\x9f\x9c	
U+1F7DD	🟝	\xf0\x9f\x9f\x9d	
U+1F7DE	🟞	\xf0\x9f\x9f\x9e	
U+1F7DF	🟟	\xf0\x9f\x9f\x9f	
U+1F7E0	🟠	\xf0\x9f\x9f\xa0	LARGE ORANGE CIRCLE
U+1F7E1	🟡	\xf0\x9f\x9f\xa1	LARGE YELLOW CIRCLE
U+1F7E2	🟢	\xf0\x9f\x9f\xa2	LARGE GREEN CIRCLE
U+1F7E3	🟣	\xf0\x9f\x9f\xa3	LARGE PURPLE CIRCLE
U+1F7E4	🟤	\xf0\x9f\x9f\xa4	LARGE BROWN CIRCLE
U+1F7E5	🟥	\xf0\x9f\x9f\xa5	LARGE RED SQUARE
U+1F7E6	🟦	\xf0\x9f\x9f\xa6	LARGE BLUE SQUARE
U+1F7E7	🟧	\xf0\x9f\x9f\xa7	LARGE ORANGE SQUARE
U+1F7E8	🟨	\xf0\x9f\x9f\xa8	LARGE YELLOW SQUARE
U+1F7E9	🟩	\xf0\x9f\x9f\xa9	LARGE GREEN SQUARE
U+1F7EA	🟪	\xf0\x9f\x9f\xaa	LARGE PURPLE SQUARE
U+1F7EB	🟫	\xf0\x9f\x9f\xab	LARGE BROWN SQUARE
U+1F7EC	🟬	\xf0\x9f\x9f\xac	
U+1F7ED	🟭	\xf0\x9f\x9f\xad	
U+1F7EE	🟮	\xf0\x9f\x9f\xae	
U+1F7EF	🟯	\xf0\x9f\x9f\xaf	
U+1F7F0	🟰	\xf0\x9f\x9f\xb0	
U+1F7F1	🟱	\xf0\x9f\x9f\xb1	
U+1F7F2	🟲	\xf0\x9f\x9f\xb2	
U+1F7F3	🟳	\xf0\x9f\x9f\xb3	
U+1F7F4	🟴	\xf0\x9f\x9f\xb4	
U+1F7F5	🟵	\xf0\x9f\x9f\xb5	
U+1F7F6	🟶	\xf0\x9f\x9f\xb6	
U+1F7F7	🟷	\xf0\x9f\x9f\xb7	
U+1F7F8	🟸	\xf0\x9f\x9f\xb8	
U+1F7F9	🟹	\xf0\x9f\x9f\xb9	
U+1F7FA	🟺	\xf0\x9f\x9f\xba	
U+1F7FB	🟻	\xf0\x9f\x9f\xbb	
U+1F7FC	🟼	\xf0\x9f\x9f\xbc	
U+1F7FD	🟽	\xf0\x9f\x9f\xbd	
U+1F7FE	🟾	\xf0\x9f\x9f\xbe	
U+1F7FF	🟿	\xf0\x9f\x9f\xbf	
U+1F800	🠀	\xf0\x9f\xa0\x80	LEFTWARDS ARROW WITH SMALL TRIANGLE ARROWHEAD
U+1F801	🠁	\xf0\x9f\xa0\x81	UPWARDS ARROW WITH SMALL TRIANGLE ARROWHEAD
U+1F802	🠂	\xf0\x9f\xa0\x82	RIGHTWARDS ARROW WITH SMALL TRIANGLE ARROWHEAD
U+1F803	🠃	\xf0\x9f\xa0\x83	DOWNWARDS ARROW WITH SMALL TRIANGLE ARROWHEAD
U+1F804	🠄	\xf0\x9f\xa0\x84	LEFTWARDS ARROW WITH MEDIUM TRIANGLE ARROWHEAD
U+1F805	🠅	\xf0\x9f\xa0\x85	UPWARDS ARROW WITH MEDIUM TRIANGLE ARROWHEAD
U+1F806	🠆	\xf0\x9f\xa0\x86	RIGHTWARDS ARROW WITH MEDIUM TRIANGLE ARROWHEAD
U+1F807	🠇	\xf0\x9f\xa0\x87	DOWNWARDS ARROW WITH MEDIUM TRIANGLE ARROWHEAD
U+1F808	🠈	\xf0\x9f\xa0\x88	LEFTWARDS ARROW WITH LARGE TRIANGLE ARROWHEAD
U+1F809	🠉	\xf0\x9f\xa0\x89	UPWARDS ARROW WITH LARGE TRIANGLE ARROWHEAD
U+1F80A	🠊	\xf0\x9f\xa0\x8a	RIGHTWARDS ARROW WITH LARGE TRIANGLE ARROWHEAD
U+1F80B	🠋	\xf0\x9f\xa0\x8b	DOWNWARDS ARROW WITH LARGE TRIANGLE ARROWHEAD
U+1F80C	🠌	\xf0\x9f\xa0\x8c	
U+1F80D	🠍	\xf0\x9f\xa0\x8d	
U+1F80E	🠎	\xf0\x9f\xa0\x8e	
U+1F80F	🠏	\xf0\x9f\xa0\x8f	
U+1F810	🠐	\xf0\x9f\xa0\x90	LEFTWARDS ARROW WITH SMALL EQUILATERAL ARROWHEAD
U+1F811	🠑	\xf0\x9f\xa0\x91	UPWARDS ARROW WITH SMALL EQUILATERAL ARROWHEAD
U+1F812	🠒	\xf0\x9f\xa0\x92	RIGHTWARDS ARROW WITH SMALL EQUILATERAL ARROWHEAD
U+1F813	🠓	\xf0\x9f\xa0\x93	DOWNWARDS ARROW WITH SMALL EQUILATERAL ARROWHEAD
U+1F814	🠔	\xf0\x9f\xa0\x94	LEFTWARDS ARROW WITH EQUILATERAL ARROWHEAD
U+1F815	🠕	\xf0\x9f\xa0\x95	UPWARDS ARROW WITH EQUILATERAL ARROWHEAD
U+1F816	🠖	\xf0\x9f\xa0\x96	RIGHTWARDS ARROW WITH EQUILATERAL ARROWHEAD
U+1F817	🠗	\xf0\x9f\xa0\x97	DOWNWARDS ARROW WITH EQUILATERAL ARROWHEAD
U+1F818	🠘	\xf0\x9f\xa0\x98	HEAVY LEFTWARDS ARROW WITH EQUILATERAL ARROWHEAD
U+1F819	🠙	\xf0\x9f\xa0\x99	HEAVY UPWARDS ARROW WITH EQUILATERAL ARROWHEAD
U+1F81A	🠚	\xf0\x9f\xa0\x9a	HEAVY RIGHTWARDS ARROW WITH EQUILATERAL ARROWHEAD
U+1F81B	🠛	\xf0\x9f\xa0\x9b	HEAVY DOWNWARDS ARROW WITH EQUILATERAL ARROWHEAD
U+1F81C	🠜	\xf0\x9f\xa0\x9c	HEAVY LEFTWARDS ARROW WITH LARGE EQUILATERAL ARROWHEAD
U+1F81D	🠝	\xf0\x9f\xa0\x9d	HEAVY UPWARDS ARROW WITH LARGE EQUILATERAL ARROWHEAD
U+1F81E	🠞	\xf0\x9f\xa0\x9e	HEAVY RIGHTWARDS ARROW WITH LARGE EQUILATERAL ARROWHEAD
U+1F81F	🠟	\xf0\x9f\xa0\x9f	HEAVY DOWNWARDS ARROW WITH LARGE EQUILATERAL ARROWHEAD
U+1F820	🠠	\xf0\x9f\xa0\xa0	LEFTWARDS TRIANGLE-HEADED ARROW WITH NARROW SHAFT
U+1F821	🠡	\xf0\x9f\xa0\xa1	UPWARDS TRIANGLE-HEADED ARROW WITH NARROW SHAFT
U+1F822	🠢	\xf0\x9f\xa0\xa2	RIGHTWARDS TRIANGLE-HEADED ARROW WITH NARROW SHAFT
U+1F823	🠣	\xf0\x9f\xa0\xa3	DOWNWARDS TRIANGLE-HEADED ARROW WITH NARROW SHAFT
U+1F824	🠤	\xf0\x9f\xa0\xa4	LEFTWARDS TRIANGLE-HEADED ARROW WITH MEDIUM SHAFT
U+1F825	🠥	\xf0\x9f\xa0\xa5	UPWARDS TRIANGLE-HEADED ARROW WITH MEDIUM SHAFT
U+1F826	🠦	\xf0\x9f\xa0\xa6	RIGHTWARDS TRIANGLE-HEADED ARROW WITH MEDIUM SHAFT
U+1F827	🠧	\xf0\x9f\xa0\xa7	DOWNWARDS TRIANGLE-HEADED ARROW WITH MEDIUM SHAFT
U+1F828	🠨	\xf0\x9f\xa0\xa8	LEFTWARDS TRIANGLE-HEADED ARROW WITH BOLD SHAFT
U+1F829	🠩	\xf0\x9f\xa0\xa9	UPWARDS TRIANGLE-HEADED ARROW WITH BOLD SHAFT
U+1F82A	🠪	\xf0\x9f\xa0\xaa	RIGHTWARDS TRIANGLE-HEADED ARROW WITH BOLD SHAFT
U+1F82B	🠫	\xf0\x9f\xa0\xab	DOWNWARDS TRIANGLE-HEADED ARROW WITH BOLD SHAFT
U+1F82C	🠬	\xf0\x9f\xa0\xac	LEFTWARDS TRIANGLE-HEADED ARROW WITH HEAVY SHAFT
U+1F82D	🠭	\xf0\x9f\xa0\xad	UPWARDS TRIANGLE-HEADED ARROW WITH HEAVY SHAFT
U+1F82E	🠮	\xf0\x9f\xa0\xae	RIGHTWARDS TRIANGLE-HEADED ARROW WITH HEAVY SHAFT
U+1F82F	🠯	\xf0\x9f\xa0\xaf	DOWNWARDS TRIANGLE-HEADED ARROW WITH HEAVY SHAFT
U+1F830	🠰	\xf0\x9f\xa0\xb0	LEFTWARDS TRIANGLE-HEADED ARROW WITH VERY HEAVY SHAFT
U+1F831	🠱	\xf0\x9f\xa0\xb1	UPWARDS TRIANGLE-HEADED ARROW WITH VERY HEAVY SHAFT
U+1F832	🠲	\xf0\x9f\xa0\xb2	RIGHTWARDS TRIANGLE-HEADED ARROW WITH VERY HEAVY SHAFT
U+1F833	🠳	\xf0\x9f\xa0\xb3	DOWNWARDS TRIANGLE-HEADED ARROW WITH VERY HEAVY SHAFT
U+1F834	🠴	\xf0\x9f\xa0\xb4	LEFTWARDS FINGER-POST ARROW
U+1F835	🠵	\xf0\x9f\xa0\xb5	UPWARDS FINGER-POST ARROW
U+1F836	🠶	\xf0\x9f\xa0\xb6	RIGHTWARDS FINGER-POST ARROW
U+1F837	🠷	\xf0\x9f\xa0\xb7	DOWNWARDS FINGER-POST ARROW
U+1F838	🠸	\xf0\x9f\xa0\xb8	LEFTWARDS SQUARED ARROW
U+1F839	🠹	\xf0\x9f\xa0\xb9	UPWARDS SQUARED ARROW
U+1F83A	🠺	\xf0\x9f\xa0\xba	RIGHTWARDS SQUARED ARROW
U+1F83B	🠻	\xf0\x9f\xa0\xbb	DOWNWARDS SQUARED ARROW
U+1F83C	🠼	\xf0\x9f\xa0\xbc	LEFTWARDS COMPRESSED ARROW
U+1F83D	🠽	\xf0\x9f\xa0\xbd	UPWARDS COMPRESSED ARROW
U+1F83E	🠾	\xf0\x9f\xa0\xbe	RIGHTWARDS COMPRESSED ARROW
U+1F83F	🠿	\xf0\x9f\xa0\xbf	DOWNWARDS COMPRESSED ARROW
U+1F840	🡀	\xf0\x9f\xa1\x80	LEFTWARDS HEAVY COMPRESSED ARROW
U+1F841	🡁	\xf0\x9f\xa1\x81	UPWARDS HEAVY COMPRESSED ARROW
U+1F842	🡂	\xf0\x9f\xa1\x82	RIGHTWARDS HEAVY COMPRESSED ARROW
U+1F843	🡃	\xf0\x9f\xa1\x83	DOWNWARDS HEAVY COMPRESSED ARROW
U+1F844	🡄	\xf0\x9f\xa1\x84	LEFTWARDS HEAVY ARROW
U+1F845	🡅	\xf0\x9f\xa1\x85	UPWARDS HEAVY ARROW
U+1F846	🡆	\xf0\x9f\xa1\x86	RIGHTWARDS HEAVY ARROW
U+1F847	🡇	\xf0\x9f\xa1\x87	DOWNWARDS HEAVY ARROW
U+1F848	🡈	\xf0\x9f\xa1\x88	
U+1F849	🡉	\xf0\x9f\xa1\x89	
U+1F84A	🡊	\xf0\x9f\xa1\x8a	
U+1F84B	🡋	\xf0\x9f\xa1\x8b	
U+1F84C	🡌	\xf0\x9f\xa1\x8c	
U+1F84D	🡍	\xf0\x9f\xa1\x8d	
U+1F84E	🡎	\xf0\x9f\xa1\x8e	
U+1F84F	🡏	\xf0\x9f\xa1\x8f	
U+1F850	🡐	\xf0\x9f\xa1\x90	LEFTWARDS SANS-SERIF ARROW
U+1F851	🡑	\xf0\x9f\xa1\x91	UPWARDS SANS-SERIF ARROW
U+1F852	🡒	\xf0\x9f\xa1\x92	RIGHTWARDS SANS-SERIF ARROW
U+1F853	🡓	\xf0\x9f\xa1\x93	DOWNWARDS SANS-SERIF ARROW
U+1F854	🡔	\xf0\x9f\xa1\x94	NORTH WEST SANS-SERIF ARROW
U+1F855	🡕	\xf0\x9f\xa1\x95	NORTH EAST SANS-SERIF ARROW
U+1F856	🡖	\xf0\x9f\xa1\x96	SOUTH EAST SANS-SERIF ARROW
U+1F857	🡗	\xf0\x9f\xa1\x97	SOUTH WEST SANS-SERIF ARROW
U+1F858	🡘	\xf0\x9f\xa1\x98	LEFT RIGHT SANS-SERIF ARROW
U+1F859	🡙	\xf0\x9f\xa1\x99	UP DOWN SANS-SERIF ARROW
U+1F85A	🡚	\xf0\x9f\xa1\x9a	
U+1F85B	🡛	\xf0\x9f\xa1\x9b	
U+1F85C	🡜	\xf0\x9f\xa1\x9c	
U+1F85D	🡝	\xf0\x9f\xa1\x9d	
U+1F85E	🡞	\xf0\x9f\xa1\x9e	
U+1F85F	🡟	\xf0\x9f\xa1\x9f	
U+1F860	🡠	\xf0\x9f\xa1\xa0	WIDE-HEADED LEFTWARDS LIGHT BARB ARROW
U+1F861	🡡	\xf0\x9f\xa1\xa1	WIDE-HEADED UPWARDS LIGHT BARB ARROW
U+1F862	🡢	\xf0\x9f\xa1\xa2	WIDE-HEADED RIGHTWARDS LIGHT BARB ARROW
U+1F863	🡣	\xf0\x9f\xa1\xa3	WIDE-HEADED DOWNWARDS LIGHT BARB ARROW
U+1F864	🡤	\xf0\x9f\xa1\xa4	WIDE-HEADED NORTH WEST LIGHT BARB ARROW
U+1F865	🡥	\xf0\x9f\xa1\xa5	WIDE-HEADED NORTH EAST LIGHT BARB ARROW
U+1F866	🡦	\xf0\x9f\xa1\xa6	WIDE-HEADED SOUTH EAST LIGHT BARB ARROW
U+1F867	🡧	\xf0\x9f\xa1\xa7	WIDE-HEADED SOUTH WEST LIGHT BARB ARROW
U+1F868	🡨	\xf0\x9f\xa1\xa8	WIDE-HEADED LEFTWARDS BARB ARROW
U+1F869	🡩	\xf0\x9f\xa1\xa9	WIDE-HEADED UPWARDS BARB ARROW
U+1F86A	🡪	\xf0\x9f\xa1\xaa	WIDE-HEADED RIGHTWARDS BARB ARROW
U+1F86B	🡫	\xf0\x9f\xa1\xab	WIDE-HEADED DOWNWARDS BARB ARROW
U+1F86C	🡬	\xf0\x9f\xa1\xac	WIDE-HEADED NORTH WEST BARB ARROW
U+1F86D	🡭	\xf0\x9f\xa1\xad	WIDE-HEADED NORTH EAST BARB ARROW
U+1F86E	🡮	\xf0\x9f\xa1\xae	WIDE-HEADED SOUTH EAST BARB ARROW
U+1F86F	🡯	\xf0\x9f\xa1\xaf	WIDE-HEADED SOUTH WEST BARB ARROW
U+1F870	🡰	\xf0\x9f\xa1\xb0	WIDE-HEADED LEFTWARDS MEDIUM BARB ARROW
U+1F871	🡱	\xf0\x9f\xa1\xb1	WIDE-HEADED UPWARDS MEDIUM BARB ARROW
U+1F872	🡲	\xf0\x9f\xa1\xb2	WIDE-HEADED RIGHTWARDS MEDIUM BARB ARROW
U+1F873	🡳	\xf0\x9f\xa1\xb3	WIDE-HEADED DOWNWARDS MEDIUM BARB ARROW
U+1F874	🡴	\xf0\x9f\xa1\xb4	WIDE-HEADED NORTH WEST MEDIUM BARB ARROW
U+1F875	🡵	\xf0\x9f\xa1\xb5	WIDE-HEADED NORTH EAST MEDIUM BARB ARROW
U+1F876	🡶	\xf0\x9f\xa1\xb6	WIDE-HEADED SOUTH EAST MEDIUM BARB ARROW
U+1F877	🡷	\xf0\x9f\xa1\xb7	WIDE-HEADED SOUTH WEST MEDIUM BARB ARROW
U+1F878	🡸	\xf0\x9f\xa1\xb8	WIDE-HEADED LEFTWARDS HEAVY BARB ARROW
U+1F879	🡹	\xf0\x9f\xa1\xb9	WIDE-HEADED UPWARDS HEAVY BARB ARROW
U+1F87A	🡺	\xf0\x9f\xa1\xba	WIDE-HEADED RIGHTWARDS HEAVY BARB ARROW
U+1F87B	🡻	\xf0\x9f\xa1\xbb	WIDE-HEADED DOWNWARDS HEAVY BARB ARROW
U+1F87C	🡼	\xf0\x9f\xa1\xbc	WIDE-HEADED NORTH WEST HEAVY BARB ARROW
U+1F87D	🡽	\xf0\x9f\xa1\xbd	WIDE-HEADED NORTH EAST HEAVY BARB ARROW
U+1F87E	🡾	\xf0\x9f\xa1\xbe	WIDE-HEADED SOUTH EAST HEAVY BARB ARROW
U+1F87F	🡿	\xf0\x9f\xa1\xbf	WIDE-HEADED SOUTH WEST HEAVY BARB ARROW
U+1F880	🢀	\xf0\x9f\xa2\x80	WIDE-HEADED LEFTWARDS VERY HEAVY BARB ARROW
U+1F881	🢁	\xf0\x9f\xa2\x81	WIDE-HEADED UPWARDS VERY HEAVY BARB ARROW
U+1F882	🢂	\xf0\x9f\xa2\x82	WIDE-HEADED RIGHTWARDS VERY HEAVY BARB ARROW
U+1F883	🢃	\xf0\x9f\xa2\x83	WIDE-HEADED DOWNWARDS VERY HEAVY BARB ARROW
U+1F884	🢄	\xf0\x9f\xa2\x84	WIDE-HEADED NORTH WEST VERY HEAVY BARB ARROW
U+1F885	🢅	\xf0\x9f\xa2\x85	WIDE-HEADED NORTH EAST VERY HEAVY BARB ARROW
U+1F886	🢆	\xf0\x9f\xa2\x86	WIDE-HEADED SOUTH EAST VERY HEAVY BARB ARROW
U+1F887	🢇	\xf0\x9f\xa2\x87	WIDE-HEADED SOUTH WEST VERY HEAVY BARB ARROW
U+1F888	🢈	\xf0\x9f\xa2\x88	
U+1F889	🢉	\xf0\x9f\xa2\x89	
U+1F88A	🢊	\xf0\x9f\xa2\x8a	
U+1F88B	🢋	\xf0\x9f\xa2\x8b	
U+1F88C	🢌	\xf0\x9f\xa2\x8c	
U+1F88D	🢍	\xf0\x9f\xa2\x8d	
U+1F88E	🢎	\xf0\x9f\xa2\x8e	
U+1F88F	🢏	\xf0\x9f\xa2\x8f	
U+1F890	🢐	\xf0\x9f\xa2\x90	LEFTWARDS TRIANGLE ARROWHEAD
U+1F891	🢑	\xf0\x9f\xa2\x91	UPWARDS TRIANGLE ARROWHEAD
U+1F892	🢒	\xf0\x9f\xa2\x92	RIGHTWARDS TRIANGLE ARROWHEAD
U+1F893	🢓	\xf0\x9f\xa2\x93	DOWNWARDS TRIANGLE ARROWHEAD
U+1F894	🢔	\xf0\x9f\xa2\x94	LEFTWARDS WHITE ARROW WITHIN TRIANGLE ARROWHEAD
U+1F895	🢕	\xf0\x9f\xa2\x95	UPWARDS WHITE ARROW WITHIN TRIANGLE ARROWHEAD
U+1F896	🢖	\xf0\x9f\xa2\x96	RIGHTWARDS WHITE ARROW WITHIN TRIANGLE ARROWHEAD
U+1F897	🢗	\xf0\x9f\xa2\x97	DOWNWARDS WHITE ARROW WITHIN TRIANGLE ARROWHEAD
U+1F898	🢘	\xf0\x9f\xa2\x98	LEFTWARDS ARROW WITH NOTCHED TAIL
U+1F899	🢙	\xf0\x9f\xa2\x99	UPWARDS ARROW WITH NOTCHED TAIL
U+1F89A	🢚	\xf0\x9f\xa2\x9a	RIGHTWARDS ARROW WITH NOTCHED TAIL
U+1F89B	🢛	\xf0\x9f\xa2\x9b	DOWNWARDS ARROW WITH NOTCHED TAIL
U+1F89C	🢜	\xf0\x9f\xa2\x9c	HEAVY ARROW SHAFT WIDTH ONE
U+1F89D	🢝	\xf0\x9f\xa2\x9d	HEAVY ARROW SHAFT WIDTH TWO THIRDS
U+1F89E	🢞	\xf0\x9f\xa2\x9e	HEAVY ARROW SHAFT WIDTH ONE HALF
U+1F89F	🢟	\xf0\x9f\xa2\x9f	HEAVY ARROW SHAFT WIDTH ONE THIRD
U+1F8A0	🢠	\xf0\x9f\xa2\xa0	LEFTWARDS BOTTOM-SHADED WHITE ARROW
U+1F8A1	🢡	\xf0\x9f\xa2\xa1	RIGHTWARDS BOTTOM SHADED WHITE ARROW
U+1F8A2	🢢	\xf0\x9f\xa2\xa2	LEFTWARDS TOP SHADED WHITE ARROW
U+1F8A3	🢣	\xf0\x9f\xa2\xa3	RIGHTWARDS TOP SHADED WHITE ARROW
U+1F8A4	🢤	\xf0\x9f\xa2\xa4	LEFTWARDS LEFT-SHADED WHITE ARROW
U+1F8A5	🢥	\xf0\x9f\xa2\xa5	RIGHTWARDS RIGHT-SHADED WHITE ARROW
U+1F8A6	🢦	\xf0\x9f\xa2\xa6	LEFTWARDS RIGHT-SHADED WHITE ARROW
U+1F8A7	🢧	\xf0\x9f\xa2\xa7	RIGHTWARDS LEFT-SHADED WHITE ARROW
U+1F8A8	🢨	\xf0\x9f\xa2\xa8	LEFTWARDS BACK-TILTED SHADOWED WHITE ARROW
U+1F8A9	🢩	\xf0\x9f\xa2\xa9	RIGHTWARDS BACK-TILTED SHADOWED WHITE ARROW
U+1F8AA	🢪	\xf0\x9f\xa2\xaa	LEFTWARDS FRONT-TILTED SHADOWED WHITE ARROW
U+1F8AB	🢫	\xf0\x9f\xa2\xab	RIGHTWARDS FRONT-TILTED SHADOWED WHITE ARROW
U+1F8AC	🢬	\xf0\x9f\xa2\xac	WHITE ARROW SHAFT WIDTH ONE
U+1F8AD	🢭	\xf0\x9f\xa2\xad	WHITE ARROW SHAFT WIDTH TWO THIRDS
U+1F8AE	🢮	\xf0\x9f\xa2\xae	
U+1F8AF	🢯	\xf0\x9f\xa2\xaf	
U+1F8B0	🢰	\xf0\x9f\xa2\xb0	ARROW POINTING UPWARDS THEN NORTH WEST
U+1F8B1	🢱	\xf0\x9f\xa2\xb1	ARROW POINTING RIGHTWARDS THEN CURVING SOUTH WEST
U+1F8B2	🢲	\xf0\x9f\xa2\xb2	
U+1F8B3	🢳	\xf0\x9f\xa2\xb3	
U+1F8B4	🢴	\xf0\x9f\xa2\xb4	
U+1F8B5	🢵	\xf0\x9f\xa2\xb5	
U+1F8B6	🢶	\xf0\x9f\xa2\xb6	
U+1F8B7	🢷	\xf0\x9f\xa2\xb7	
U+1F8B8	🢸	\xf0\x9f\xa2\xb8	
U+1F8B9	🢹	\xf0\x9f\xa2\xb9	
U+1F8BA	🢺	\xf0\x9f\xa2\xba	
U+1F8BB	🢻	\xf0\x9f\xa2\xbb	
U+1F8BC	🢼	\xf0\x9f\xa2\xbc	
U+1F8BD	🢽	\xf0\x9f\xa2\xbd	
U+1F8BE	🢾	\xf0\x9f\xa2\xbe	
U+1F8BF	🢿	\xf0\x9f\xa2\xbf	
U+1F8C0	🣀	\xf0\x9f\xa3\x80	
U+1F8C1	🣁	\xf0\x9f\xa3\x81	
U+1F8C2	🣂	\xf0\x9f\xa3\x82	
U+1F8C3	🣃	\xf0\x9f\xa3\x83	
U+1F8C4	🣄	\xf0\x9f\xa3\x84	
U+1F8C5	🣅	\xf0\x9f\xa3\x85	
U+1F8C6	🣆	\xf0\x9f\xa3\x86	
U+1F8C7	🣇	\xf0\x9f\xa3\x87	
U+1F8C8	🣈	\xf0\x9f\xa3\x88	
U+1F8C9	🣉	\xf0\x9f\xa3\x89	
U+1F8CA	🣊	\xf0\x9f\xa3\x8a	
U+1F8CB	🣋	\xf0\x9f\xa3\x8b	
U+1F8CC	🣌	\xf0\x9f\xa3\x8c	
U+1F8CD	🣍	\xf0\x9f\xa3\x8d	
U+1F8CE	🣎	\xf0\x9f\xa3\x8e	
U+1F8CF	🣏	\xf0\x9f\xa3\x8f	
U+1F8D0	🣐	\xf0\x9f\xa3\x90	
U+1F8D1	🣑	\xf0\x9f\xa3\x91	
U+1F8D2	🣒	\xf0\x9f\xa3\x92	
U+1F8D3	🣓	\xf0\x9f\xa3\x93	
U+1F8D4	🣔	\xf0\x9f\xa3\x94	
U+1F8D5	🣕	\xf0\x9f\xa3\x95	
U+1F8D6	🣖	\xf0\x9f\xa3\x96	
U+1F8D7	🣗	\xf0\x9f\xa3\x97	
U+1F8D8	🣘	\xf0\x9f\xa3\x98	
U+1F8D9	🣙	\xf0\x9f\xa3\x99	
U+1F8DA	🣚	\xf0\x9f\xa3\x9a	
U+1F8DB	🣛	\xf0\x9f\xa3\x9b	
U+1F8DC	🣜	\xf0\x9f\xa3\x9c	
U+1F8DD	🣝	\xf0\x9f\xa3\x9d	
U+1F8DE	🣞	\xf0\x9f\xa3\x9e	
U+1F8DF	🣟	\xf0\x9f\xa3\x9f	
U+1F8E0	🣠	\xf0\x9f\xa3\xa0	
U+1F8E1	🣡	\xf0\x9f\xa3\xa1	
U+1F8E2	🣢	\xf0\x9f\xa3\xa2	
U+1F8E3	🣣	\xf0\x9f\xa3\xa3	
U+1F8E4	🣤	\xf0\x9f\xa3\xa4	
U+1F8E5	🣥	\xf0\x9f\xa3\xa5	
U+1F8E6	🣦	\xf0\x9f\xa3\xa6	
U+1F8E7	🣧	\xf0\x9f\xa3\xa7	
U+1F8E8	🣨	\xf0\x9f\xa3\xa8	
U+1F8E9	🣩	\xf0\x9f\xa3\xa9	
U+1F8EA	🣪	\xf0\x9f\xa3\xaa	
U+1F8EB	🣫	\xf0\x9f\xa3\xab	
U+1F8EC	🣬	\xf0\x9f\xa3\xac	
U+1F8ED	🣭	\xf0\x9f\xa3\xad	
U+1F8EE	🣮	\xf0\x9f\xa3\xae	
U+1F8EF	🣯	\xf0\x9f\xa3\xaf	
U+1F8F0	🣰	\xf0\x9f\xa3\xb0	
U+1F8F1	🣱	\xf0\x9f\xa3\xb1	
U+1F8F2	🣲	\xf0\x9f\xa3\xb2	
U+1F8F3	🣳	\xf0\x9f\xa3\xb3	
U+1F8F4	🣴	\xf0\x9f\xa3\xb4	
U+1F8F5	🣵	\xf0\x9f\xa3\xb5	
U+1F8F6	🣶	\xf0\x9f\xa3\xb6	
U+1F8F7	🣷	\xf0\x9f\xa3\xb7	
U+1F8F8	🣸	\xf0\x9f\xa3\xb8	
U+1F8F9	🣹	\xf0\x9f\xa3\xb9	
U+1F8FA	🣺	\xf0\x9f\xa3\xba	
U+1F8FB	🣻	\xf0\x9f\xa3\xbb	
U+1F8FC	🣼	\xf0\x9f\xa3\xbc	
U+1F8FD	🣽	\xf0\x9f\xa3\xbd	
U+1F8FE	🣾	\xf0\x9f\xa3\xbe	
U+1F8FF	🣿	\xf0\x9f\xa3\xbf	
U+1F900	🤀	\xf0\x9f\xa4\x80	CIRCLED CROSS FORMEE WITH FOUR DOTS
U+1F901	🤁	\xf0\x9f\xa4\x81	CIRCLED CROSS FORMEE WITH TWO DOTS
U+1F902	🤂	\xf0\x9f\xa4\x82	CIRCLED CROSS FORMEE
U+1F903	🤃	\xf0\x9f\xa4\x83	LEFT HALF CIRCLE WITH FOUR DOTS
U+1F904	🤄	\xf0\x9f\xa4\x84	LEFT HALF CIRCLE WITH THREE DOTS
U+1F905	🤅	\xf0\x9f\xa4\x85	LEFT HALF CIRCLE WITH TWO DOTS
U+1F906	🤆	\xf0\x9f\xa4\x86	LEFT HALF CIRCLE WITH DOT
U+1F907	🤇	\xf0\x9f\xa4\x87	LEFT HALF CIRCLE
U+1F908	🤈	\xf0\x9f\xa4\x88	DOWNWARD FACING HOOK
U+1F909	🤉	\xf0\x9f\xa4\x89	DOWNWARD FACING NOTCHED HOOK
U+1F90A	🤊	\xf0\x9f\xa4\x8a	DOWNWARD FACING HOOK WITH DOT
U+1F90B	🤋	\xf0\x9f\xa4\x8b	DOWNWARD FACING NOTCHED HOOK WITH DOT
U+1F90C	🤌	\xf0\x9f\xa4\x8c	PINCHED FINGERS
U+1F90D	🤍	\xf0\x9f\xa4\x8d	WHITE HEART
U+1F90E	🤎	\xf0\x9f\xa4\x8e	BROWN HEART
U+1F90F	🤏	\xf0\x9f\xa4\x8f	PINCHING HAND
U+1F910	🤐	\xf0\x9f\xa4\x90	ZIPPER-MOUTH FACE
U+1F911	🤑	\xf0\x9f\xa4\x91	MONEY-MOUTH FACE
U+1F912	🤒	\xf0\x9f\xa4\x92	FACE WITH THERMOMETER
U+1F913	🤓	\xf0\x9f\xa4\x93	NERD FACE
U+1F914	🤔	\xf0\x9f\xa4\x94	THINKING FACE
U+1F915	🤕	\xf0\x9f\xa4\x95	FACE WITH HEAD-BANDAGE
U+1F916	🤖	\xf0\x9f\xa4\x96	ROBOT FACE
U+1F917	🤗	\xf0\x9f\xa4\x97	HUGGING FACE
U+1F918	🤘	\xf0\x9f\xa4\x98	SIGN OF THE HORNS
U+1F919	🤙	\xf0\x9f\xa4\x99	CALL ME HAND
U+1F91A	🤚	\xf0\x9f\xa4\x9a	RAISED BACK OF HAND
U+1F91B	🤛	\xf0\x9f\xa4\x9b	LEFT-FACING FIST
U+1F91C	🤜	\xf0\x9f\xa4\x9c	RIGHT-FACING FIST
U+1F91D	🤝	\xf0\x9f\xa4\x9d	HANDSHAKE
U+1F91E	🤞	\xf0\x9f\xa4\x9e	HAND WITH INDEX AND MIDDLE FINGERS CROSSED
U+1F91F	🤟	\xf0\x9f\xa4\x9f	I LOVE YOU HAND SIGN
U+1F920	🤠	\xf0\x9f\xa4\xa0	FACE WITH COWBOY HAT
U+1F921	🤡	\xf0\x9f\xa4\xa1	CLOWN FACE
U+1F922	🤢	\xf0\x9f\xa4\xa2	NAUSEATED FACE
U+1F923	🤣	\xf0\x9f\xa4\xa3	ROLLING ON THE FLOOR LAUGHING
U+1F924	🤤	\xf0\x9f\xa4\xa4	DROOLING FACE
U+1F925	🤥	\xf0\x9f\xa4\xa5	LYING FACE
U+1F926	🤦	\xf0\x9f\xa4\xa6	FACE PALM
U+1F927	🤧	\xf0\x9f\xa4\xa7	SNEEZING FACE
U+1F928	🤨	\xf0\x9f\xa4\xa8	FACE WITH ONE EYEBROW RAISED
U+1F929	🤩	\xf0\x9f\xa4\xa9	GRINNING FACE WITH STAR EYES
U+1F92A	🤪	\xf0\x9f\xa4\xaa	GRINNING FACE WITH ONE LARGE AND ONE SMALL EYE
U+1F92B	🤫	\xf0\x9f\xa4\xab	FACE WITH FINGER COVERING CLOSED LIPS
U+1F92C	🤬	\xf0\x9f\xa4\xac	SERIOUS FACE WITH SYMBOLS COVERING MOUTH
U+1F92D	🤭	\xf0\x9f\xa4\xad	SMILING FACE WITH SMILING EYES AND HAND COVERING MOUTH
U+1F92E	🤮	\xf0\x9f\xa4\xae	FACE WITH OPEN MOUTH VOMITING
U+1F92F	🤯	\xf0\x9f\xa4\xaf	SHOCKED FACE WITH EXPLODING HEAD
U+1F930	🤰	\xf0\x9f\xa4\xb0	PREGNANT WOMAN
U+1F931	🤱	\xf0\x9f\xa4\xb1	BREAST-FEEDING
U+1F932	🤲	\xf0\x9f\xa4\xb2	PALMS UP TOGETHER
U+1F933	🤳	\xf0\x9f\xa4\xb3	SELFIE
U+1F934	🤴	\xf0\x9f\xa4\xb4	PRINCE
U+1F935	🤵	\xf0\x9f\xa4\xb5	MAN IN TUXEDO
U+1F936	🤶	\xf0\x9f\xa4\xb6	MOTHER CHRISTMAS
U+1F937	🤷	\xf0\x9f\xa4\xb7	SHRUG
U+1F938	🤸	\xf0\x9f\xa4\xb8	PERSON DOING CARTWHEEL
U+1F939	🤹	\xf0\x9f\xa4\xb9	JUGGLING
U+1F93A	🤺	\xf0\x9f\xa4\xba	FENCER
U+1F93B	🤻	\xf0\x9f\xa4\xbb	MODERN PENTATHLON
U+1F93C	🤼	\xf0\x9f\xa4\xbc	WRESTLERS
U+1F93D	🤽	\xf0\x9f\xa4\xbd	WATER POLO
U+1F93E	🤾	\xf0\x9f\xa4\xbe	HANDBALL
U+1F93F	🤿	\xf0\x9f\xa4\xbf	DIVING MASK
U+1F940	🥀	\xf0\x9f\xa5\x80	WILTED FLOWER
U+1F941	🥁	\xf0\x9f\xa5\x81	DRUM WITH DRUMSTICKS
U+1F942	🥂	\xf0\x9f\xa5\x82	CLINKING GLASSES
U+1F943	🥃	\xf0\x9f\xa5\x83	TUMBLER GLASS
U+1F944	🥄	\xf0\x9f\xa5\x84	SPOON
U+1F945	🥅	\xf0\x9f\xa5\x85	GOAL NET
U+1F946	🥆	\xf0\x9f\xa5\x86	RIFLE
U+1F947	🥇	\xf0\x9f\xa5\x87	FIRST PLACE MEDAL
U+1F948	🥈	\xf0\x9f\xa5\x88	SECOND PLACE MEDAL
U+1F949	🥉	\xf0\x9f\xa5\x89	THIRD PLACE MEDAL
U+1F94A	🥊	\xf0\x9f\xa5\x8a	BOXING GLOVE
U+1F94B	🥋	\xf0\x9f\xa5\x8b	MARTIAL ARTS UNIFORM
U+1F94C	🥌	\xf0\x9f\xa5\x8c	CURLING STONE
U+1F94D	🥍	\xf0\x9f\xa5\x8d	LACROSSE STICK AND BALL
U+1F94E	🥎	\xf0\x9f\xa5\x8e	SOFTBALL
U+1F94F	🥏	\xf0\x9f\xa5\x8f	FLYING DISC
U+1F950	🥐	\xf0\x9f\xa5\x90	CROISSANT
U+1F951	🥑	\xf0\x9f\xa5\x91	AVOCADO
U+1F952	🥒	\xf0\x9f\xa5\x92	CUCUMBER
U+1F953	🥓	\xf0\x9f\xa5\x93	BACON
U+1F954	🥔	\xf0\x9f\xa5\x94	POTATO
U+1F955	🥕	\xf0\x9f\xa5\x95	CARROT
U+1F956	🥖	\xf0\x9f\xa5\x96	BAGUETTE BREAD
U+1F957	🥗	\xf0\x9f\xa5\x97	GREEN SALAD
U+1F958	🥘	\xf0\x9f\xa5\x98	SHALLOW PAN OF FOOD
U+1F959	🥙	\xf0\x9f\xa5\x99	STUFFED FLATBREAD
U+1F95A	🥚	\xf0\x9f\xa5\x9a	EGG
U+1F95B	🥛	\xf0\x9f\xa5\x9b	GLASS OF MILK
U+1F95C	🥜	\xf0\x9f\xa5\x9c	PEANUTS
U+1F95D	🥝	\xf0\x9f\xa5\x9d	KIWIFRUIT
U+1F95E	🥞	\xf0\x9f\xa5\x9e	PANCAKES
U+1F95F	🥟	\xf0\x9f\xa5\x9f	DUMPLING
U+1F960	🥠	\xf0\x9f\xa5\xa0	FORTUNE COOKIE
U+1F961	🥡	\xf0\x9f\xa5\xa1	TAKEOUT BOX
U+1F962	🥢	\xf0\x9f\xa5\xa2	CHOPSTICKS
U+1F963	🥣	\xf0\x9f\xa5\xa3	BOWL WITH SPOON
U+1F964	🥤	\xf0\x9f\xa5\xa4	CUP WITH STRAW
U+1F965	🥥	\xf0\x9f\xa5\xa5	COCONUT
U+1F966	🥦	\xf0\x9f\xa5\xa6	BROCCOLI
U+1F967	🥧	\xf0\x9f\xa5\xa7	PIE
U+1F968	🥨	\xf0\x9f\xa5\xa8	PRETZEL
U+1F969	🥩	\xf0\x9f\xa5\xa9	CUT OF MEAT
U+1F96A	🥪	\xf0\x9f\xa5\xaa	SANDWICH
U+1F96B	🥫	\xf0\x9f\xa5\xab	CANNED FOOD
U+1F96C	🥬	\xf0\x9f\xa5\xac	LEAFY GREEN
U+1F96D	🥭	\xf0\x9f\xa5\xad	MANGO
U+1F96E	🥮	\xf0\x9f\xa5\xae	MOON CAKE
U+1F96F	🥯	\xf0\x9f\xa5\xaf	BAGEL
U+1F970	🥰	\xf0\x9f\xa5\xb0	SMILING FACE WITH SMILING EYES AND THREE HEARTS
U+1F971	🥱	\xf0\x9f\xa5\xb1	YAWNING FACE
U+1F972	🥲	\xf0\x9f\xa5\xb2	SMILING FACE WITH TEAR
U+1F973	🥳	\xf0\x9f\xa5\xb3	FACE WITH PARTY HORN AND PARTY HAT
U+1F974	🥴	\xf0\x9f\xa5\xb4	FACE WITH UNEVEN EYES AND WAVY MOUTH
U+1F975	🥵	\xf0\x9f\xa5\xb5	OVERHEATED FACE
U+1F976	🥶	\xf0\x9f\xa5\xb6	FREEZING FACE
U+1F977	🥷	\xf0\x9f\xa5\xb7	NINJA
U+1F978	🥸	\xf0\x9f\xa5\xb8	DISGUISED FACE
U+1F979	🥹	\xf0\x9f\xa5\xb9	
U+1F97A	🥺	\xf0\x9f\xa5\xba	FACE WITH PLEADING EYES
U+1F97B	🥻	\xf0\x9f\xa5\xbb	SARI
U+1F97C	🥼	\xf0\x9f\xa5\xbc	LAB COAT
U+1F97D	🥽	\xf0\x9f\xa5\xbd	GOGGLES
U+1F97E	🥾	\xf0\x9f\xa5\xbe	HIKING BOOT
U+1F97F	🥿	\xf0\x9f\xa5\xbf	FLAT SHOE
U+1F980	🦀	\xf0\x9f\xa6\x80	CRAB
U+1F981	🦁	\xf0\x9f\xa6\x81	LION FACE
U+1F982	🦂	\xf0\x9f\xa6\x82	SCORPION
U+1F983	🦃	\xf0\x9f\xa6\x83	TURKEY
U+1F984	🦄	\xf0\x9f\xa6\x84	UNICORN FACE
U+1F985	🦅	\xf0\x9f\xa6\x85	EAGLE
U+1F986	🦆	\xf0\x9f\xa6\x86	DUCK
U+1F987	🦇	\xf0\x9f\xa6\x87	BAT
U+1F988	🦈	\xf0\x9f\xa6\x88	SHARK
U+1F989	🦉	\xf0\x9f\xa6\x89	OWL
U+1F98A	🦊	\xf0\x9f\xa6\x8a	FOX FACE
U+1F98B	🦋	\xf0\x9f\xa6\x8b	BUTTERFLY
U+1F98C	🦌	\xf0\x9f\xa6\x8c	DEER
U+1F98D	🦍	\xf0\x9f\xa6\x8d	GORILLA
U+1F98E	🦎	\xf0\x9f\xa6\x8e	LIZARD
U+1F98F	🦏	\xf0\x9f\xa6\x8f	RHINOCEROS
U+1F990	🦐	\xf0\x9f\xa6\x90	SHRIMP
U+1F991	🦑	\xf0\x9f\xa6\x91	SQUID
U+1F992	🦒	\xf0\x9f\xa6\x92	GIRAFFE FACE
U+1F993	🦓	\xf0\x9f\xa6\x93	ZEBRA FACE
U+1F994	🦔	\xf0\x9f\xa6\x94	HEDGEHOG
U+1F995	🦕	\xf0\x9f\xa6\x95	SAUROPOD
U+1F996	🦖	\xf0\x9f\xa6\x96	T-REX
U+1F997	🦗	\xf0\x9f\xa6\x97	CRICKET
U+1F998	🦘	\xf0\x9f\xa6\x98	KANGAROO
U+1F999	🦙	\xf0\x9f\xa6\x99	LLAMA
U+1F99A	🦚	\xf0\x9f\xa6\x9a	PEACOCK
U+1F99B	🦛	\xf0\x9f\xa6\x9b	HIPPOPOTAMUS
U+1F99C	🦜	\xf0\x9f\xa6\x9c	PARROT
U+1F99D	🦝	\xf0\x9f\xa6\x9d	RACCOON
U+1F99E	🦞	\xf0\x9f\xa6\x9e	LOBSTER
U+1F99F	🦟	\xf0\x9f\xa6\x9f	MOSQUITO
U+1F9A0	🦠	\xf0\x9f\xa6\xa0	MICROBE
U+1F9A1	🦡	\xf0\x9f\xa6\xa1	BADGER
U+1F9A2	🦢	\xf0\x9f\xa6\xa2	SWAN
U+1F9A3	🦣	\xf0\x9f\xa6\xa3	MAMMOTH
U+1F9A4	🦤	\xf0\x9f\xa6\xa4	DODO
U+1F9A5	🦥	\xf0\x9f\xa6\xa5	SLOTH
U+1F9A6	🦦	\xf0\x9f\xa6\xa6	OTTER
U+1F9A7	🦧	\xf0\x9f\xa6\xa7	ORANGUTAN
U+1F9A8	🦨	\xf0\x9f\xa6\xa8	SKUNK
U+1F9A9	🦩	\xf0\x9f\xa6\xa9	FLAMINGO
U+1F9AA	🦪	\xf0\x9f\xa6\xaa	OYSTER
U+1F9AB	🦫	\xf0\x9f\xa6\xab	BEAVER
U+1F9AC	🦬	\xf0\x9f\xa6\xac	BISON
U+1F9AD	🦭	\xf0\x9f\xa6\xad	SEAL
U+1F9AE	🦮	\xf0\x9f\xa6\xae	GUIDE DOG
U+1F9AF	🦯	\xf0\x9f\xa6\xaf	PROBING CANE
U+1F9B0	🦰	\xf0\x9f\xa6\xb0	EMOJI COMPONENT RED HAIR
U+1F9B1	🦱	\xf0\x9f\xa6\xb1	EMOJI COMPONENT CURLY HAIR
U+1F9B2	🦲	\xf0\x9f\xa6\xb2	EMOJI COMPONENT BALD
U+1F9B3	🦳	\xf0\x9f\xa6\xb3	EMOJI COMPONENT WHITE HAIR
U+1F9B4	🦴	\xf0\x9f\xa6\xb4	BONE
U+1F9B5	🦵	\xf0\x9f\xa6\xb5	LEG
U+1F9B6	🦶	\xf0\x9f\xa6\xb6	FOOT
U+1F9B7	🦷	\xf0\x9f\xa6\xb7	TOOTH
U+1F9B8	🦸	\xf0\x9f\xa6\xb8	SUPERHERO
U+1F9B9	🦹	\xf0\x9f\xa6\xb9	SUPERVILLAIN
U+1F9BA	🦺	\xf0\x9f\xa6\xba	SAFETY VEST
U+1F9BB	🦻	\xf0\x9f\xa6\xbb	EAR WITH HEARING AID
U+1F9BC	🦼	\xf0\x9f\xa6\xbc	MOTORIZED WHEELCHAIR
U+1F9BD	🦽	\xf0\x9f\xa6\xbd	MANUAL WHEELCHAIR
U+1F9BE	🦾	\xf0\x9f\xa6\xbe	MECHANICAL ARM
U+1F9BF	🦿	\xf0\x9f\xa6\xbf	MECHANICAL LEG
U+1F9C0	🧀	\xf0\x9f\xa7\x80	CHEESE WEDGE
U+1F9C1	🧁	\xf0\x9f\xa7\x81	CUPCAKE
U+1F9C2	🧂	\xf0\x9f\xa7\x82	SALT SHAKER
U+1F9C3	🧃	\xf0\x9f\xa7\x83	BEVERAGE BOX
U+1F9C4	🧄	\xf0\x9f\xa7\x84	GARLIC
U+1F9C5	🧅	\xf0\x9f\xa7\x85	ONION
U+1F9C6	🧆	\xf0\x9f\xa7\x86	FALAFEL
U+1F9C7	🧇	\xf0\x9f\xa7\x87	WAFFLE
U+1F9C8	🧈	\xf0\x9f\xa7\x88	BUTTER
U+1F9C9	🧉	\xf0\x9f\xa7\x89	MATE DRINK
U+1F9CA	🧊	\xf0\x9f\xa7\x8a	ICE CUBE
U+1F9CB	🧋	\xf0\x9f\xa7\x8b	BUBBLE TEA
U+1F9CC	🧌	\xf0\x9f\xa7\x8c	
U+1F9CD	🧍	\xf0\x9f\xa7\x8d	STANDING PERSON
U+1F9CE	🧎	\xf0\x9f\xa7\x8e	KNEELING PERSON
U+1F9CF	🧏	\xf0\x9f\xa7\x8f	DEAF PERSON
U+1F9D0	🧐	\xf0\x9f\xa7\x90	FACE WITH MONOCLE
U+1F9D1	🧑	\xf0\x9f\xa7\x91	ADULT
U+1F9D2	🧒	\xf0\x9f\xa7\x92	CHILD
U+1F9D3	🧓	\xf0\x9f\xa7\x93	OLDER ADULT
U+1F9D4	🧔	\xf0\x9f\xa7\x94	BEARDED PERSON
U+1F9D5	🧕	\xf0\x9f\xa7\x95	PERSON WITH HEADSCARF
U+1F9D6	🧖	\xf0\x9f\xa7\x96	PERSON IN STEAMY ROOM
U+1F9D7	🧗	\xf0\x9f\xa7\x97	PERSON CLIMBING
U+1F9D8	🧘	\xf0\x9f\xa7\x98	PERSON IN LOTUS POSITION
U+1F9D9	🧙	\xf0\x9f\xa7\x99	MAGE
U+1F9DA	🧚	\xf0\x9f\xa7\x9a	FAIRY
U+1F9DB	🧛	\xf0\x9f\xa7\x9b	VAMPIRE
U+1F9DC	🧜	\xf0\x9f\xa7\x9c	MERPERSON
U+1F9DD	🧝	\xf0\x9f\xa7\x9d	ELF
U+1F9DE	🧞	\xf0\x9f\xa7\x9e	GENIE
U+1F9DF	🧟	\xf0\x9f\xa7\x9f	ZOMBIE
U+1F9E0	🧠	\xf0\x9f\xa7\xa0	BRAIN
U+1F9E1	🧡	\xf0\x9f\xa7\xa1	ORANGE HEART
U+1F9E2	🧢	\xf0\x9f\xa7\xa2	BILLED CAP
U+1F9E3	🧣	\xf0\x9f\xa7\xa3	SCARF
U+1F9E4	🧤	\xf0\x9f\xa7\xa4	GLOVES
U+1F9E5	🧥	\xf0\x9f\xa7\xa5	COAT
U+1F9E6	🧦	\xf0\x9f\xa7\xa6	SOCKS
U+1F9E7	🧧	\xf0\x9f\xa7\xa7	RED GIFT ENVELOPE
U+1F9E8	🧨	\xf0\x9f\xa7\xa8	FIRECRACKER
U+1F9E9	🧩	\xf0\x9f\xa7\xa9	JIGSAW PUZZLE PIECE
U+1F9EA	🧪	\xf0\x9f\xa7\xaa	TEST TUBE
U+1F9EB	🧫	\xf0\x9f\xa7\xab	PETRI DISH
U+1F9EC	🧬	\xf0\x9f\xa7\xac	DNA DOUBLE HELIX
U+1F9ED	🧭	\xf0\x9f\xa7\xad	COMPASS
U+1F9EE	🧮	\xf0\x9f\xa7\xae	ABACUS
U+1F9EF	🧯	\xf0\x9f\xa7\xaf	FIRE EXTINGUISHER
U+1F9F0	🧰	\xf0\x9f\xa7\xb0	TOOLBOX
U+1F9F1	🧱	\xf0\x9f\xa7\xb1	BRICK
U+1F9F2	🧲	\xf0\x9f\xa7\xb2	MAGNET
U+1F9F3	🧳	\xf0\x9f\xa7\xb3	LUGGAGE
U+1F9F4	🧴	\xf0\x9f\xa7\xb4	LOTION BOTTLE
U+1F9F5	🧵	\xf0\x9f\xa7\xb5	SPOOL OF THREAD
U+1F9F6	🧶	\xf0\x9f\xa7\xb6	BALL OF YARN
U+1F9F7	🧷	\xf0\x9f\xa7\xb7	SAFETY PIN
U+1F9F8	🧸	\xf0\x9f\xa7\xb8	TEDDY BEAR
U+1F9F9	🧹	\xf0\x9f\xa7\xb9	BROOM
U+1F9FA	🧺	\xf0\x9f\xa7\xba	BASKET
U+1F9FB	🧻	\xf0\x9f\xa7\xbb	ROLL OF PAPER
U+1F9FC	🧼	\xf0\x9f\xa7\xbc	BAR OF SOAP
U+1F9FD	🧽	\xf0\x9f\xa7\xbd	SPONGE
U+1F9FE	🧾	\xf0\x9f\xa7\xbe	RECEIPT
U+1F9FF	🧿	\xf0\x9f\xa7\xbf	NAZAR AMULET
U+1FA00	🨀	\xf0\x9f\xa8\x80	NEUTRAL CHESS KING
U+1FA01	🨁	\xf0\x9f\xa8\x81	NEUTRAL CHESS QUEEN
U+1FA02	🨂	\xf0\x9f\xa8\x82	NEUTRAL CHESS ROOK
U+1FA03	🨃	\xf0\x9f\xa8\x83	NEUTRAL CHESS BISHOP
U+1FA04	🨄	\xf0\x9f\xa8\x84	NEUTRAL CHESS KNIGHT
U+1FA05	🨅	\xf0\x9f\xa8\x85	NEUTRAL CHESS PAWN
U+1FA06	🨆	\xf0\x9f\xa8\x86	WHITE CHESS KNIGHT ROTATED FORTY-FIVE DEGREES
U+1FA07	🨇	\xf0\x9f\xa8\x87	BLACK CHESS KNIGHT ROTATED FORTY-FIVE DEGREES
U+1FA08	🨈	\xf0\x9f\xa8\x88	NEUTRAL CHESS KNIGHT ROTATED FORTY-FIVE DEGREES
U+1FA09	🨉	\xf0\x9f\xa8\x89	WHITE CHESS KING ROTATED NINETY DEGREES
U+1FA0A	🨊	\xf0\x9f\xa8\x8a	WHITE CHESS QUEEN ROTATED NINETY DEGREES
U+1FA0B	🨋	\xf0\x9f\xa8\x8b	WHITE CHESS ROOK ROTATED NINETY DEGREES
U+1FA0C	🨌	\xf0\x9f\xa8\x8c	WHITE CHESS BISHOP ROTATED NINETY DEGREES
U+1FA0D	🨍	\xf0\x9f\xa8\x8d	WHITE CHESS KNIGHT ROTATED NINETY DEGREES
U+1FA0E	🨎	\xf0\x9f\xa8\x8e	WHITE CHESS PAWN ROTATED NINETY DEGREES
U+1FA0F	🨏	\xf0\x9f\xa8\x8f	BLACK CHESS KING ROTATED NINETY DEGREES
U+1FA10	🨐	\xf0\x9f\xa8\x90	BLACK CHESS QUEEN ROTATED NINETY DEGREES
U+1FA11	🨑	\xf0\x9f\xa8\x91	BLACK CHESS ROOK ROTATED NINETY DEGREES
U+1FA12	🨒	\xf0\x9f\xa8\x92	BLACK CHESS BISHOP ROTATED NINETY DEGREES
U+1FA13	🨓	\xf0\x9f\xa8\x93	BLACK CHESS KNIGHT ROTATED NINETY DEGREES
U+1FA14	🨔	\xf0\x9f\xa8\x94	BLACK CHESS PAWN ROTATED NINETY DEGREES
U+1FA15	🨕	\xf0\x9f\xa8\x95	NEUTRAL CHESS KING ROTATED NINETY DEGREES
U+1FA16	🨖	\xf0\x9f\xa8\x96	NEUTRAL CHESS QUEEN ROTATED NINETY DEGREES
U+1FA17	🨗	\xf0\x9f\xa8\x97	NEUTRAL CHESS ROOK ROTATED NINETY DEGREES
U+1FA18	🨘	\xf0\x9f\xa8\x98	NEUTRAL CHESS BISHOP ROTATED NINETY DEGREES
U+1FA19	🨙	\xf0\x9f\xa8\x99	NEUTRAL CHESS KNIGHT ROTATED NINETY DEGREES
U+1FA1A	🨚	\xf0\x9f\xa8\x9a	NEUTRAL CHESS PAWN ROTATED NINETY DEGREES
U+1FA1B	🨛	\xf0\x9f\xa8\x9b	WHITE CHESS KNIGHT ROTATED ONE HUNDRED THIRTY-FIVE DEGREES
U+1FA1C	🨜	\xf0\x9f\xa8\x9c	BLACK CHESS KNIGHT ROTATED ONE HUNDRED THIRTY-FIVE DEGREES
U+1FA1D	🨝	\xf0\x9f\xa8\x9d	NEUTRAL CHESS KNIGHT ROTATED ONE HUNDRED THIRTY-FIVE DEGREES
U+1FA1E	🨞	\xf0\x9f\xa8\x9e	WHITE CHESS TURNED KING
U+1FA1F	🨟	\xf0\x9f\xa8\x9f	WHITE CHESS TURNED QUEEN
U+1FA20	🨠	\xf0\x9f\xa8\xa0	WHITE CHESS TURNED ROOK
U+1FA21	🨡	\xf0\x9f\xa8\xa1	WHITE CHESS TURNED BISHOP
U+1FA22	🨢	\xf0\x9f\xa8\xa2	WHITE CHESS TURNED KNIGHT
U+1FA23	🨣	\xf0\x9f\xa8\xa3	WHITE CHESS TURNED PAWN
U+1FA24	🨤	\xf0\x9f\xa8\xa4	BLACK CHESS TURNED KING
U+1FA25	🨥	\xf0\x9f\xa8\xa5	BLACK CHESS TURNED QUEEN
U+1FA26	🨦	\xf0\x9f\xa8\xa6	BLACK CHESS TURNED ROOK
U+1FA27	🨧	\xf0\x9f\xa8\xa7	BLACK CHESS TURNED BISHOP
U+1FA28	🨨	\xf0\x9f\xa8\xa8	BLACK CHESS TURNED KNIGHT
U+1FA29	🨩	\xf0\x9f\xa8\xa9	BLACK CHESS TURNED PAWN
U+1FA2A	🨪	\xf0\x9f\xa8\xaa	NEUTRAL CHESS TURNED KING
U+1FA2B	🨫	\xf0\x9f\xa8\xab	NEUTRAL CHESS TURNED QUEEN
U+1FA2C	🨬	\xf0\x9f\xa8\xac	NEUTRAL CHESS TURNED ROOK
U+1FA2D	🨭	\xf0\x9f\xa8\xad	NEUTRAL CHESS TURNED BISHOP
U+1FA2E	🨮	\xf0\x9f\xa8\xae	NEUTRAL CHESS TURNED KNIGHT
U+1FA2F	🨯	\xf0\x9f\xa8\xaf	NEUTRAL CHESS TURNED PAWN
U+1FA30	🨰	\xf0\x9f\xa8\xb0	WHITE CHESS KNIGHT ROTATED TWO HUNDRED TWENTY-FIVE DEGREES
U+1FA31	🨱	\xf0\x9f\xa8\xb1	BLACK CHESS KNIGHT ROTATED TWO HUNDRED TWENTY-FIVE DEGREES
U+1FA32	🨲	\xf0\x9f\xa8\xb2	NEUTRAL CHESS KNIGHT ROTATED TWO HUNDRED TWENTY-FIVE DEGREES
U+1FA33	🨳	\xf0\x9f\xa8\xb3	WHITE CHESS KING ROTATED TWO HUNDRED SEVENTY DEGREES
U+1FA34	🨴	\xf0\x9f\xa8\xb4	WHITE CHESS QUEEN ROTATED TWO HUNDRED SEVENTY DEGREES
U+1FA35	🨵	\xf0\x9f\xa8\xb5	WHITE CHESS ROOK ROTATED TWO HUNDRED SEVENTY DEGREES
U+1FA36	🨶	\xf0\x9f\xa8\xb6	WHITE CHESS BISHOP ROTATED TWO HUNDRED SEVENTY DEGREES
U+1FA37	🨷	\xf0\x9f\xa8\xb7	WHITE CHESS KNIGHT ROTATED TWO HUNDRED SEVENTY DEGREES
U+1FA38	🨸	\xf0\x9f\xa8\xb8	WHITE CHESS PAWN ROTATED TWO HUNDRED SEVENTY DEGREES
U+1FA39	🨹	\xf0\x9f\xa8\xb9	BLACK CHESS KING ROTATED TWO HUNDRED SEVENTY DEGREES
U+1FA3A	🨺	\xf0\x9f\xa8\xba	BLACK CHESS QUEEN ROTATED TWO HUNDRED SEVENTY DEGREES
U+1FA3B	🨻	\xf0\x9f\xa8\xbb	BLACK CHESS ROOK ROTATED TWO HUNDRED SEVENTY DEGREES
U+1FA3C	🨼	\xf0\x9f\xa8\xbc	BLACK CHESS BISHOP ROTATED TWO HUNDRED SEVENTY DEGREES
U+1FA3D	🨽	\xf0\x9f\xa8\xbd	BLACK CHESS KNIGHT ROTATED TWO HUNDRED SEVENTY DEGREES
U+1FA3E	🨾	\xf0\x9f\xa8\xbe	BLACK CHESS PAWN ROTATED TWO HUNDRED SEVENTY DEGREES
U+1FA3F	🨿	\xf0\x9f\xa8\xbf	NEUTRAL CHESS KING ROTATED TWO HUNDRED SEVENTY DEGREES
U+1FA40	🩀	\xf0\x9f\xa9\x80	NEUTRAL CHESS QUEEN ROTATED TWO HUNDRED SEVENTY DEGREES
U+1FA41	🩁	\xf0\x9f\xa9\x81	NEUTRAL CHESS ROOK ROTATED TWO HUNDRED SEVENTY DEGREES
U+1FA42	🩂	\xf0\x9f\xa9\x82	NEUTRAL CHESS BISHOP ROTATED TWO HUNDRED SEVENTY DEGREES
U+1FA43	🩃	\xf0\x9f\xa9\x83	NEUTRAL CHESS KNIGHT ROTATED TWO HUNDRED SEVENTY DEGREES
U+1FA44	🩄	\xf0\x9f\xa9\x84	NEUTRAL CHESS PAWN ROTATED TWO HUNDRED SEVENTY DEGREES
U+1FA45	🩅	\xf0\x9f\xa9\x85	WHITE CHESS KNIGHT ROTATED THREE HUNDRED FIFTEEN DEGREES
U+1FA46	🩆	\xf0\x9f\xa9\x86	BLACK CHESS KNIGHT ROTATED THREE HUNDRED FIFTEEN DEGREES
U+1FA47	🩇	\xf0\x9f\xa9\x87	NEUTRAL CHESS KNIGHT ROTATED THREE HUNDRED FIFTEEN DEGREES
U+1FA48	🩈	\xf0\x9f\xa9\x88	WHITE CHESS EQUIHOPPER
U+1FA49	🩉	\xf0\x9f\xa9\x89	BLACK CHESS EQUIHOPPER
U+1FA4A	🩊	\xf0\x9f\xa9\x8a	NEUTRAL CHESS EQUIHOPPER
U+1FA4B	🩋	\xf0\x9f\xa9\x8b	WHITE CHESS EQUIHOPPER ROTATED NINETY DEGREES
U+1FA4C	🩌	\xf0\x9f\xa9\x8c	BLACK CHESS EQUIHOPPER ROTATED NINETY DEGREES
U+1FA4D	🩍	\xf0\x9f\xa9\x8d	NEUTRAL CHESS EQUIHOPPER ROTATED NINETY DEGREES
U+1FA4E	🩎	\xf0\x9f\xa9\x8e	WHITE CHESS KNIGHT-QUEEN
U+1FA4F	🩏	\xf0\x9f\xa9\x8f	WHITE CHESS KNIGHT-ROOK
U+1FA50	🩐	\xf0\x9f\xa9\x90	WHITE CHESS KNIGHT-BISHOP
U+1FA51	🩑	\xf0\x9f\xa9\x91	BLACK CHESS KNIGHT-QUEEN
U+1FA52	🩒	\xf0\x9f\xa9\x92	BLACK CHESS KNIGHT-ROOK
U+1FA53	🩓	\xf0\x9f\xa9\x93	BLACK CHESS KNIGHT-BISHOP
U+1FA54	🩔	\xf0\x9f\xa9\x94	
U+1FA55	🩕	\xf0\x9f\xa9\x95	
U+1FA56	🩖	\xf0\x9f\xa9\x96	
U+1FA57	🩗	\xf0\x9f\xa9\x97	
U+1FA58	🩘	\xf0\x9f\xa9\x98	
U+1FA59	🩙	\xf0\x9f\xa9\x99	
U+1FA5A	🩚	\xf0\x9f\xa9\x9a	
U+1FA5B	🩛	\xf0\x9f\xa9\x9b	
U+1FA5C	🩜	\xf0\x9f\xa9\x9c	
U+1FA5D	🩝	\xf0\x9f\xa9\x9d	
U+1FA5E	🩞	\xf0\x9f\xa9\x9e	
U+1FA5F	🩟	\xf0\x9f\xa9\x9f	
U+1FA60	🩠	\xf0\x9f\xa9\xa0	XIANGQI RED GENERAL
U+1FA61	🩡	\xf0\x9f\xa9\xa1	XIANGQI RED MANDARIN
U+1FA62	🩢	\xf0\x9f\xa9\xa2	XIANGQI RED ELEPHANT
U+1FA63	🩣	\xf0\x9f\xa9\xa3	XIANGQI RED HORSE
U+1FA64	🩤	\xf0\x9f\xa9\xa4	XIANGQI RED CHARIOT
U+1FA65	🩥	\xf0\x9f\xa9\xa5	XIANGQI RED CANNON
U+1FA66	🩦	\xf0\x9f\xa9\xa6	XIANGQI RED SOLDIER
U+1FA67	🩧	\xf0\x9f\xa9\xa7	XIANGQI BLACK GENERAL
U+1FA68	🩨	\xf0\x9f\xa9\xa8	XIANGQI BLACK MANDARIN
U+1FA69	🩩	\xf0\x9f\xa9\xa9	XIANGQI BLACK ELEPHANT
U+1FA6A	🩪	\xf0\x9f\xa9\xaa	XIANGQI BLACK HORSE
U+1FA6B	🩫	\xf0\x9f\xa9\xab	XIANGQI BLACK CHARIOT
U+1FA6C	🩬	\xf0\x9f\xa9\xac	XIANGQI BLACK CANNON
U+1FA6D	🩭	\xf0\x9f\xa9\xad	XIANGQI BLACK SOLDIER
U+1FA6E	🩮	\xf0\x9f\xa9\xae	
U+1FA6F	🩯	\xf0\x9f\xa9\xaf	
U+1FA70	🩰	\xf0\x9f\xa9\xb0	BALLET SHOES
U+1FA71	🩱	\xf0\x9f\xa9\xb1	ONE-PIECE SWIMSUIT
U+1FA72	🩲	\xf0\x9f\xa9\xb2	BRIEFS
U+1FA73	🩳	\xf0\x9f\xa9\xb3	SHORTS
U+1FA74	🩴	\xf0\x9f\xa9\xb4	THONG SANDAL
U+1FA75	🩵	\xf0\x9f\xa9\xb5	
U+1FA76	🩶	\xf0\x9f\xa9\xb6	
U+1FA77	🩷	\xf0\x9f\xa9\xb7	
U+1FA78	🩸	\xf0\x9f\xa9\xb8	DROP OF BLOOD
U+1FA79	🩹	\xf0\x9f\xa9\xb9	ADHESIVE BANDAGE
U+1FA7A	🩺	\xf0\x9f\xa9\xba	STETHOSCOPE
U+1FA7B	🩻	\xf0\x9f\xa9\xbb	
U+1FA7C	🩼	\xf0\x9f\xa9\xbc	
U+1FA7D	🩽	\xf0\x9f\xa9\xbd	
U+1FA7E	🩾	\xf0\x9f\xa9\xbe	
U+1FA7F	🩿	\xf0\x9f\xa9\xbf	
U+3160	ㅠ	\xe3\x85\xa0	HANGUL LETTER YU
U+2753	❓	\xe2\x9d\x93	BLACK QUESTION MARK ORNAMENT
......	..	\xf0\x9f\x98\xa	...
......	..	\xf0\x9f\xa4	..
......	..	\ud83d\ude01	...
......	..	\ud83d\ude02	...
......	..	\ud83d\ude06	...